Entity,Code,Year,Social expenditure as a share of GDP - Public - In-cash and in-kind spending - Other social policy programs (Total),Social expenditure as a share of GDP - Public - In-cash and in-kind spending - Housing programs (Total),Social expenditure as a share of GDP - Public - In-cash and in-kind spending - Unemployment programs (Total),Social expenditure as a share of GDP - Public - In-cash and in-kind spending - Active labor market programs (Total),Social expenditure as a share of GDP - Public - In-cash and in-kind spending - Family programs (Total),Social expenditure as a share of GDP - Public - In-cash and in-kind spending - Health programs (Total),Social expenditure as a share of GDP - Public - In-cash and in-kind spending - Incapacity related programs (Total),Social expenditure as a share of GDP - Public - In-cash and in-kind spending - Survivors programs (Total),Social expenditure as a share of GDP - Public - In-cash and in-kind spending - Old age programs (Total)
Australia,AUS,1980,0.162,0.255,0.653,,0.943,3.662,0.915,0.555,3.099
Australia,AUS,1981,0.144,0.221,0.696,,0.982,3.572,0.884,0.529,3.089
Australia,AUS,1982,0.167,0.285,1.187,,1.162,3.593,0.949,0.543,3.205
Australia,AUS,1983,0.176,0.38,1.362,,1.191,3.799,0.989,0.531,3.164
Australia,AUS,1984,0.192,0.392,1.267,,1.169,4.298,1.019,0.532,3.101
Australia,AUS,1985,0.179,0.342,1.197,0.353,1.141,4.338,1.036,0.512,2.963
Australia,AUS,1986,0.196,0.311,1.207,0.313,1.042,4.402,1.046,0.491,2.889
Australia,AUS,1987,0.29,0.281,1.04,0.259,1.234,4.275,1.044,0.467,3.261
Australia,AUS,1988,0.309,0.232,0.829,0.217,1.305,4.13,1.003,0.291,3.129
Australia,AUS,1989,0.284,0.269,0.758,0.193,1.406,4.118,1.168,0.282,3.106
Australia,AUS,1990,0.371,0.249,1.098,0.214,1.508,4.281,1.729,0.298,3.37
Australia,AUS,1991,0.384,0.247,1.592,0.308,1.775,4.466,1.615,0.299,3.595
Australia,AUS,1992,0.364,0.226,1.717,0.621,2.018,4.496,2.171,0.286,3.358
Australia,AUS,1993,0.176,0.221,1.729,0.624,2.2,4.494,2.314,0.281,3.476
Australia,AUS,1994,0.182,0.208,1.494,0.615,2.31,4.506,2.267,0.27,3.392
Australia,AUS,1995,0.171,0.295,1.188,0.723,2.716,4.593,2.36,0.272,4.562
Australia,AUS,1996,0.147,0.297,1.193,0.543,2.843,4.648,2.403,0.244,4.68
Australia,AUS,1997,0.146,0.252,1.181,0.423,2.745,4.766,2.393,0.222,4.637
Australia,AUS,1998,0.173,0.242,1.117,0.35,2.648,4.904,2.597,0.229,5.328
Australia,AUS,1999,0.147,0.232,0.987,0.371,2.672,5.105,2.569,0.219,4.921
Australia,AUS,2000,0.159,0.243,0.925,0.36,2.901,5.197,2.555,0.229,5.643
Australia,AUS,2001,0.135,0.24,0.884,0.348,2.941,5.206,2.532,0.233,4.991
Australia,AUS,2002,0.154,0.231,0.771,0.335,2.789,5.406,2.522,0.23,4.875
Australia,AUS,2003,0.141,0.227,0.698,0.35,3.191,5.364,2.458,0.226,4.844
Australia,AUS,2004,0.133,0.248,0.619,0.382,2.868,5.529,2.349,0.216,4.853
Australia,AUS,2005,0.135,0.245,0.546,0.366,2.741,5.454,2.266,0.206,4.7
Australia,AUS,2006,0.126,0.207,0.484,0.33,2.583,5.452,2.185,0.194,4.138
Australia,AUS,2007,0.086,0.293,0.408,0.304,2.44,5.585,2.169,0.182,4.392
Australia,AUS,2008,0.123,0.262,0.444,0.311,3.28,5.695,2.312,0.176,4.448
Australia,AUS,2009,0.229,0.346,0.541,0.345,2.669,5.926,2.328,0.176,4.293
Australia,AUS,2010,0.246,0.367,0.502,0.326,2.562,5.781,2.327,0.164,4.278
Australia,AUS,2011,0.258,0.38,0.509,0.308,2.578,5.911,2.392,0.155,4.53
Australia,AUS,2012,0.241,0.399,0.566,0.265,2.759,5.859,2.435,0.146,4.64
Australia,AUS,2013,0.252,0.368,0.642,0.238,2.699,5.581,2.502,0.14,4.841
Australia,AUS,2014,0.252,0.394,0.672,0.253,2.752,5.736,2.558,0.133,5.055
Australia,AUS,2015,0.33,0.395,0.684,0.231,2.678,6.038,2.544,0.121,5.187
Australia,AUS,2016,0.285,0.371,0.643,0.236,2.419,6.006,2.353,0.104,5.059
Australia,AUS,2017,0.267,0.351,0.606,0.24,2.318,6.058,2.249,0.092,4.896
Australia,AUS,2018,0.238,0.349,0.553,0.226,2.23,6.023,2.036,0.08,4.903
Australia,AUS,2019,0.305,0.342,1.033,1.855,2.344,6.337,2.877,0.072,5.287
Austria,AUT,1980,0.206,0.096,0.398,,3.164,4.72,2.723,0.71,9.889
Austria,AUT,1985,0.246,0.15,0.911,0.278,2.854,4.482,2.795,0.647,10.843
Austria,AUT,1990,0.296,0.095,0.901,0.314,2.53,5.091,2.14,2.597,9.298
Austria,AUT,1991,0.312,0.083,0.999,0.355,2.521,5.17,2.169,2.592,9.383
Austria,AUT,1992,0.379,0.078,1.051,0.297,2.773,5.439,2.216,2.578,9.464
Austria,AUT,1993,0.402,0.076,1.268,0.333,2.956,5.791,2.295,2.611,9.942
Austria,AUT,1994,0.399,0.072,1.249,0.362,3.303,6.017,2.395,2.574,10.243
Austria,AUT,1995,0.422,0.071,1.26,0.371,3.265,5.913,2.438,2.518,10.298
Austria,AUT,1996,0.471,0.086,1.276,0.405,3.149,5.913,2.471,2.506,10.401
Austria,AUT,1997,0.447,0.113,1.121,0.438,2.945,6.077,2.337,2.442,10.259
Austria,AUT,1998,0.467,0.117,1.096,0.445,2.699,6.216,2.349,2.423,10.168
Austria,AUT,1999,0.547,0.109,1.021,0.532,2.811,6.349,2.372,2.324,10.263
Austria,AUT,2000,0.292,0.101,0.922,0.504,2.93,6.278,2.406,2.227,10.382
Austria,AUT,2001,0.322,0.113,0.909,0.554,2.857,6.282,2.377,2.194,10.483
Austria,AUT,2002,0.333,0.117,1.069,0.537,2.895,6.359,2.368,2.153,10.564
Austria,AUT,2003,0.33,0.117,1.185,0.601,3.013,6.452,2.335,2.138,10.761
Austria,AUT,2004,0.341,0.131,1.179,0.585,2.964,6.506,2.276,2.072,10.665
Austria,AUT,2005,0.353,0.119,1.106,0.602,2.888,6.503,2.216,1.998,10.552
Austria,AUT,2006,0.361,0.133,1.011,0.685,2.776,6.478,2.138,1.941,10.539
Austria,AUT,2007,0.358,0.132,0.886,0.646,2.647,6.488,2.066,1.873,10.379
Austria,AUT,2008,0.369,0.15,0.826,0.647,2.713,6.684,2.064,1.862,10.631
Austria,AUT,2009,0.368,0.16,1.053,0.808,2.921,6.998,2.229,1.932,11.486
Austria,AUT,2010,0.381,0.156,0.995,0.814,2.953,6.947,2.258,1.892,11.655
Austria,AUT,2011,0.391,0.139,0.899,0.725,2.696,6.815,2.253,1.812,11.501
Austria,AUT,2012,0.419,0.128,0.901,0.721,2.647,6.95,2.255,1.816,11.773
Austria,AUT,2013,0.449,0.113,0.984,0.755,2.66,6.947,2.269,1.814,12.039
Austria,AUT,2014,0.466,0.121,1.001,0.788,2.621,7.009,2.249,1.775,12.223
Austria,AUT,2015,0.568,0.12,1.059,0.742,2.661,7.022,2.184,1.746,12.159
Austria,AUT,2016,0.759,0.116,1.082,0.76,2.651,7.001,2.11,1.701,12.017
Austria,AUT,2017,0.64,0.099,1.033,0.779,2.607,7.038,2.052,1.649,11.93
Austria,AUT,2018,0.539,0.083,0.98,0.754,2.548,7.111,1.998,1.6,11.95
Austria,AUT,2019,0.479,0.076,0.96,0.701,2.513,7.267,1.987,1.584,12.142
Austria,AUT,1986,,,,0.326,,4.565,,,
Austria,AUT,1987,,,,0.356,,4.779,,,
Austria,AUT,1988,,,,0.257,,4.743,,,
Austria,AUT,1989,,,,0.278,,4.715,,,
Austria,AUT,1981,,,,,,4.465,,,
Austria,AUT,1982,,,,,,4.427,,,
Austria,AUT,1983,,,,,,4.339,,,
Austria,AUT,1984,,,,,,4.344,,,
Belgium,BEL,1980,0.249,,2.394,,2.952,5.153,3.634,2.959,5.862
Belgium,BEL,1981,0.268,,3.053,,3.013,5.377,3.721,3.059,6.261
Belgium,BEL,1982,0.266,,3.223,,2.972,5.865,3.656,3.071,6.297
Belgium,BEL,1983,0.274,,3.556,,2.752,5.754,3.732,3.135,6.432
Belgium,BEL,1984,0.259,,3.392,,2.622,5.669,3.64,3.054,6.215
Belgium,BEL,1985,0.252,,3.224,1.158,2.558,5.629,3.652,2.974,6.242
Belgium,BEL,1986,0.249,,3.12,1.255,2.535,5.599,3.518,2.926,6.316
Belgium,BEL,1987,0.254,,3.043,1.194,2.414,5.952,3.285,2.811,6.337
Belgium,BEL,1988,0.208,,2.793,1.183,2.301,6.382,2.906,2.723,6.613
Belgium,BEL,1989,0.201,,2.552,1.123,2.184,6.316,2.835,2.61,6.44
Belgium,BEL,1990,0.459,,2.837,1.079,2.223,6.354,2.6,2.572,6.446
Belgium,BEL,1991,0.462,,2.962,1.044,2.212,6.629,2.695,2.59,6.743
Belgium,BEL,1992,0.525,,2.87,1.043,2.222,5.665,2.578,2.573,6.871
Belgium,BEL,1993,0.559,,3.152,1.064,2.317,5.701,2.95,2.594,7.062
Belgium,BEL,1994,0.496,,3.077,1.161,2.195,5.502,2.861,2.512,6.998
Belgium,BEL,1995,0.691,,3.192,1.197,2.243,5.774,2.915,2.374,6.918
Belgium,BEL,1996,0.687,,3.226,1.297,2.265,6.109,2.914,2.37,7.067
Belgium,BEL,1997,0.407,,3.172,1.083,2.374,5.785,2.866,2.301,6.94
Belgium,BEL,1998,0.401,,3.065,0.879,2.727,5.833,2.806,2.26,6.958
Belgium,BEL,1999,0.388,,2.938,0.838,2.679,5.938,2.883,2.193,6.872
Belgium,BEL,2000,0.688,0.033,2.755,0.832,2.468,5.968,2.006,2.089,6.817
Belgium,BEL,2001,0.707,0.043,2.773,0.832,2.569,6.146,2.054,2.099,6.9
Belgium,BEL,2002,0.792,0.054,3.007,0.739,2.606,6.139,2.129,2.091,6.948
Belgium,BEL,2003,0.842,0.056,3.234,0.764,2.661,6.2,2.188,2.08,7.035
Belgium,BEL,2004,0.794,0.058,3.247,0.633,2.611,6.373,2.12,2.006,6.983
Belgium,BEL,2005,0.795,0.065,3.223,0.653,2.586,6.269,2.1,1.974,7.02
Belgium,BEL,2006,0.765,0.129,3.171,0.637,2.586,6.161,2.126,1.925,7.094
Belgium,BEL,2007,0.748,0.141,3.015,0.65,2.642,6.128,2.104,1.865,7.047
Belgium,BEL,2008,0.722,0.225,3.086,0.695,2.675,6.546,2.289,1.979,7.529
Belgium,BEL,2009,0.804,0.242,3.579,0.74,2.846,7.09,2.497,2.074,8.108
Belgium,BEL,2010,0.8,0.216,3.527,0.724,2.831,6.988,2.522,2.002,8.054
Belgium,BEL,2011,0.798,0.226,3.503,0.726,2.864,7.094,2.577,1.986,8.326
Belgium,BEL,2012,0.717,0.25,3.253,0.718,2.806,7.191,2.684,1.936,8.408
Belgium,BEL,2013,0.719,0.243,3.232,0.723,2.844,7.162,2.771,1.926,8.72
Belgium,BEL,2014,0.64,0.248,3.214,0.741,2.86,7.202,2.846,1.867,8.776
Belgium,BEL,2015,0.613,0.229,2.903,0.711,2.777,7.427,2.891,1.814,9.691
Belgium,BEL,2016,0.659,0.234,2.382,0.72,2.766,7.381,2.919,1.748,9.618
Belgium,BEL,2017,0.666,0.242,1.825,0.877,2.744,7.385,2.988,1.703,9.844
Belgium,BEL,2018,0.684,0.229,1.711,0.907,2.725,7.41,3.097,1.656,9.937
Belgium,BEL,2019,0.683,0.235,1.458,0.918,2.771,7.192,3.198,1.604,10.158
Canada,CAN,1980,1.931,0.743,1.192,,0.731,4.736,0.709,0.205,2.902
Canada,CAN,1981,1.946,0.631,1.275,,0.752,5.013,0.743,0.217,3.045
Canada,CAN,1982,2.229,0.75,2.251,,0.777,5.55,0.835,0.247,3.28
Canada,CAN,1983,2.315,0.798,2.097,,0.747,5.662,0.867,0.268,3.333
Canada,CAN,1984,2.268,0.741,1.946,,0.708,5.549,0.886,0.285,3.406
Canada,CAN,1985,2.273,0.659,1.795,0.595,0.68,5.546,0.909,0.322,3.484
Canada,CAN,1986,2.147,0.582,1.775,0.56,0.62,5.639,0.97,0.358,3.551
Canada,CAN,1987,2.091,0.554,1.604,0.485,0.606,5.592,1.019,0.377,3.596
Canada,CAN,1988,2.085,0.518,1.519,0.447,0.584,5.595,1.025,0.377,3.577
Canada,CAN,1989,2.153,0.537,1.531,0.456,0.564,5.785,1.048,0.384,3.632
Canada,CAN,1990,2.416,0.635,1.839,0.476,0.576,6.106,1.144,0.404,3.796
Canada,CAN,1991,3.265,0.555,2.194,0.577,0.679,6.582,1.258,0.435,4.067
Canada,CAN,1992,3.606,0.622,2.172,0.594,0.59,6.702,1.309,0.466,4.201
Canada,CAN,1993,3.612,0.653,1.89,0.625,0.963,6.462,1.288,0.477,4.228
Canada,CAN,1994,3.498,0.619,1.488,0.584,0.901,6.152,1.231,0.469,4.168
Canada,CAN,1995,3.26,0.615,1.254,0.537,0.884,5.917,1.132,0.47,4.141
Canada,CAN,1996,2.985,0.587,1.133,0.449,0.842,5.713,1.081,0.468,4.147
Canada,CAN,1997,2.743,0.582,0.98,0.419,0.813,5.65,1.024,0.469,4.107
Canada,CAN,1998,2.767,0.599,0.912,0.452,0.826,5.794,1,0.459,4.06
Canada,CAN,1999,2.469,0.558,0.763,0.406,0.84,5.563,0.954,0.44,3.889
Canada,CAN,2000,2.405,0.555,0.673,0.365,0.883,5.605,0.936,0.421,3.751
Canada,CAN,2001,2.355,0.502,0.762,0.374,1.019,5.827,0.96,0.421,3.801
Canada,CAN,2002,2.286,0.488,0.746,0.378,1.05,5.935,0.978,0.42,3.75
Canada,CAN,2003,2.304,0.47,0.745,0.361,1.056,6.069,0.948,0.413,3.734
Canada,CAN,2004,2.474,0.452,0.663,0.344,1.07,6.101,0.92,0.406,3.669
Canada,CAN,2005,2.547,0.418,0.605,0.312,1.062,6.096,0.902,0.395,3.616
Canada,CAN,2006,2.614,0.402,0.574,0.295,1.186,6.4,0.881,0.386,3.608
Canada,CAN,2007,2.485,0.373,0.542,0.281,1.22,6.491,0.871,0.374,3.626
Canada,CAN,2008,2.048,0.388,0.639,0.285,1.218,6.789,0.879,0.377,3.731
Canada,CAN,2009,2.302,0.418,0.947,0.342,1.311,7.411,0.923,0.396,4.035
Canada,CAN,2010,2.268,0.426,0.79,0.326,1.263,7.363,0.878,0.377,3.908
Canada,CAN,2011,2.228,0.348,0.647,0.263,1.224,7.256,0.843,0.34,3.944
Canada,CAN,2012,2.218,0.339,0.587,0.242,1.231,7.334,0.823,0.365,4.083
Canada,CAN,2013,2.148,0.318,0.561,0.234,1.197,7.279,0.788,0.353,4.106
Canada,CAN,2014,2.112,0.307,0.562,0.222,1.171,7.245,0.766,0.344,4.184
Canada,CAN,2015,2.194,0.305,0.621,0.236,1.555,7.558,0.755,0.348,4.364
Canada,CAN,2016,2.234,0.302,0.647,0.249,1.717,7.58,0.742,0.342,4.483
Canada,CAN,2017,2.222,0.337,0.559,0.224,1.659,7.495,0.729,0.331,4.473
Canada,CAN,2018,2.269,0.284,0.488,0.21,1.658,7.525,0.717,0.323,4.529
Canada,CAN,2019,2.334,0.267,0.503,0.412,1.762,7.73,0.74,0.328,4.708
Canada,CAN,2020,2.635,0.393,1.094,3.669,1.698,9.396,0.756,0.333,4.938
Chile,CHL,1987,0,0,0.064,0.584,0.76,0,0.841,1.057,8.437
Chile,CHL,1988,0,0,0.042,0.645,0.593,0,0.789,0.945,7.429
Chile,CHL,1989,0,0,0.029,0.532,0.501,0,0.811,0.915,7.065
Chile,CHL,1990,0,0,0.021,0.365,0.512,0,0.868,0.922,7.036
Chile,CHL,1991,0,0,0.02,0.432,0.501,0,0.889,0.931,6.934
Chile,CHL,1992,0,0,0.016,0.478,0.471,0,0.852,0.898,6.556
Chile,CHL,1993,0,0,0.015,0.504,0.457,0,0.903,0.918,6.591
Chile,CHL,1994,0,0,0.015,0.524,0.442,0,0.881,0.905,6.362
Chile,CHL,1995,0,0,0.015,0.464,0.417,2.457,0.884,0.846,5.814
Chile,CHL,1996,0,0,0.016,0.543,0.438,2.639,0.967,0.911,6.269
Chile,CHL,1997,0,0,0.016,0.492,0.452,2.696,0.929,0.879,6.014
Chile,CHL,1998,0,0,0.017,0.476,0.493,2.983,0.93,0.881,6.066
Chile,CHL,1999,0,0,0.026,0.455,0.709,3.176,0.93,0.925,6.415
Chile,CHL,2000,0.243,0.416,0.054,0.211,1.133,2.506,0.795,1.056,3.932
Chile,CHL,2001,0.269,0.414,0.04,0.254,1.004,2.581,0.878,1.061,3.539
Chile,CHL,2002,0.256,0.417,0.049,0.258,1.014,2.706,0.865,1.042,3.466
Chile,CHL,2003,0.272,0.441,0.049,0.269,0.985,2.773,0.822,0.999,3.313
Chile,CHL,2004,0.24,0.463,0.049,0.229,0.978,2.727,0.741,0.905,2.968
Chile,CHL,2005,0.235,0.545,0.035,0.217,0.841,2.606,0.706,0.857,2.876
Chile,CHL,2006,0.239,0.526,0.032,0.204,0.824,2.511,0.684,0.781,2.508
Chile,CHL,2007,0.275,0.562,0.03,0.206,0.954,2.625,0.7,0.742,2.389
Chile,CHL,2008,0.339,0.808,0.057,0.227,1.15,2.933,0.775,0.773,2.556
Chile,CHL,2009,0.367,0.999,0.066,0.249,1.683,3.701,0.899,0.807,2.783
Chile,CHL,2010,0.329,1.009,0.105,0.253,1.49,3.212,0.813,0.725,2.707
Chile,CHL,2011,0.328,1.013,0.035,0.246,1.31,3.206,0.766,0.688,2.561
Chile,CHL,2012,0.351,0.997,0.017,0.235,1.367,3.365,0.741,0.686,2.449
Chile,CHL,2013,0.346,0.829,0.053,0.219,1.415,3.562,0.718,0.607,2.411
Chile,CHL,2014,0.354,0.843,0.056,0.227,1.533,3.743,0.697,0.576,2.4
Chile,CHL,2015,0.39,0.802,0.086,0.288,1.712,4.01,0.735,0.577,2.364
Chile,CHL,2016,0.391,0.831,0.02,0.299,1.794,4.249,0.746,0.6,2.261
Chile,CHL,2017,0.373,0.789,0.079,0.272,1.776,4.582,0.753,0.575,2.28
Chile,CHL,2018,0.363,0.761,0.082,0.247,1.74,4.689,0.742,0.557,2.274
Chile,CHL,2019,0.367,0.896,0.071,0.23,1.744,4.766,0.756,0.559,2.316
Chile,CHL,2020,0.969,0.906,0.062,0.228,3.232,5.505,1.012,0.556,2.591
Chile,CHL,2021,0.906,0.811,0.063,0.591,8.155,5.169,0.782,0.477,2.652
Colombia,COL,2010,0.446,0.025,0.004,0.456,1.396,5.107,0.047,0.005,5.505
Colombia,COL,2011,0.51,0.038,0.004,0.412,1.219,4.985,0.045,0.004,5.463
Colombia,COL,2012,0.513,0.042,0.005,0.393,1.5,4.717,0.047,0.004,5.405
Colombia,COL,2013,0.474,0.223,0.002,0.323,1.748,4.902,0.048,0.004,5.466
Colombia,COL,2014,0.601,0.385,0.003,0.382,1.821,5.059,0.056,0.006,5.797
Colombia,COL,2015,0.451,0.466,0.003,0.375,1.958,5.329,0.05,0.006,5.907
Colombia,COL,2016,0.404,0.2,0.003,0.358,1.76,5.297,0.072,0.006,6.047
Colombia,COL,2017,0.334,0.28,0.002,0.41,1.655,5.455,0.08,0.008,5.887
Colombia,COL,2018,0.229,0.125,0.001,0.366,1.665,5.461,0.086,0.008,5.748
Colombia,COL,2019,0.218,0.252,0.002,0.341,1.753,5.773,0.077,0.007,5.703
Colombia,COL,2020,0.252,0.266,0.002,0.939,2.634,6.534,0.095,0.01,6.288
Colombia,COL,2021,0.213,0.259,0.002,0.558,2.267,6.134,0.089,0.012,5.618
Costa Rica,CRI,2011,0.07,0.56,,0.397,0.916,5.851,0.054,0.021,4.478
Costa Rica,CRI,2012,0.082,0.469,,0.319,0.892,5.696,0.055,0.019,4.497
Costa Rica,CRI,2013,0.095,0.56,,0.386,1.026,5.676,0.056,0.018,4.681
Costa Rica,CRI,2014,0.079,0.54,,0.347,1.01,5.554,0.062,0.016,4.67
Costa Rica,CRI,2015,0.088,0.562,,0.482,1.05,5.597,0.068,0.014,4.72
Costa Rica,CRI,2016,0.099,0.579,,0.325,1.059,5.374,0.069,0.013,4.753
Costa Rica,CRI,2017,0.088,0.537,,0.24,1.027,5.159,0.328,0.011,4.763
Costa Rica,CRI,2018,0.086,0.635,,0.263,0.92,5.253,0.34,0.01,4.977
Costa Rica,CRI,2019,0.029,0.318,,0.223,0.98,5.215,0.44,0.009,5.091
Costa Rica,CRI,2020,0.216,0.332,0.56,0.158,0.963,5.865,0.437,0.009,5.916
Costa Rica,CRI,2000,,,,,,4.284,,,
Costa Rica,CRI,2001,,,,,,4.245,,,
Costa Rica,CRI,2002,,,,,,4.594,,,
Costa Rica,CRI,2003,,,,,,4.633,,,
Costa Rica,CRI,2004,,,,,,4.378,,,
Costa Rica,CRI,2005,,,,,,4.269,,,
Costa Rica,CRI,2006,,,,,,4.589,,,
Costa Rica,CRI,2007,,,,,,4.633,,,
Costa Rica,CRI,2008,,,,,,5.065,,,
Costa Rica,CRI,2009,,,,,,5.577,,,
Costa Rica,CRI,2010,,,,,,5.807,,,
Czechia,CZE,1990,0.449,,,,2.259,3.604,2.156,0.793,4.765
Czechia,CZE,1991,0.487,,0.191,0.158,2.477,3.703,2.021,0.819,5.22
Czechia,CZE,1992,0.613,,0.145,0.245,2.403,3.762,2.038,0.825,5.318
Czechia,CZE,1993,0.64,,0.119,0.142,2.004,5.002,2.013,0.777,4.919
Czechia,CZE,1994,0.651,0.003,0.134,0.132,1.966,5.095,2.203,0.741,4.775
Czechia,CZE,1995,0.197,0.002,0.337,0.121,1.843,5.115,2.217,0.753,5.382
Czechia,CZE,1996,0.151,0.037,0.386,0.106,1.717,5.01,2.274,0.776,5.525
Czechia,CZE,1997,0.198,0.047,0.462,0.098,1.652,5.002,2.259,0.827,6.18
Czechia,CZE,1998,0.269,0.084,0.485,0.109,1.815,5.006,2.14,0.809,6.337
Czechia,CZE,1999,0.369,0.109,0.615,0.154,1.818,5.193,2.169,0.805,6.467
Czechia,CZE,2000,0.432,0.113,0.565,0.18,1.768,5.12,2.415,0.779,6.487
Czechia,CZE,2001,0.423,0.105,0.524,0.179,1.699,5.239,2.45,0.797,6.391
Czechia,CZE,2002,0.437,0.113,0.579,0.168,1.748,5.56,2.54,0.818,6.583
Czechia,CZE,2003,0.478,0.1,0.7,0.175,1.667,5.832,2.589,0.795,6.343
Czechia,CZE,2004,0.441,0.083,0.637,0.231,1.732,5.638,2.246,0.733,6.102
Czechia,CZE,2005,0.403,0.075,0.564,0.228,1.982,5.506,2.204,0.714,6.229
Czechia,CZE,2006,0.398,0.065,0.49,0.237,1.928,5.32,2.275,0.697,6.163
Czechia,CZE,2007,0.133,0.054,0.537,0.237,2.16,5.069,2.174,0.685,6.307
Czechia,CZE,2008,0.091,0.052,0.555,0.219,2.224,5.197,2.041,0.663,6.617
Czechia,CZE,2009,0.117,0.071,0.961,0.271,2.34,6.036,2.049,0.704,7.384
Czechia,CZE,2010,0.107,0.105,0.744,0.315,2.288,5.729,1.974,0.684,7.556
Czechia,CZE,2011,0.128,0.135,0.645,0.259,2.116,5.811,1.905,0.689,7.868
Czechia,CZE,2012,0.173,0.181,0.616,0.245,2.188,5.844,1.827,0.686,8.097
Czechia,CZE,2013,0.207,0.247,0.622,0.293,2.181,6.457,1.83,0.678,8.144
Czechia,CZE,2014,0.206,0.279,0.553,0.36,2.078,6.282,1.748,0.642,7.917
Czechia,CZE,2015,0.179,0.266,0.475,0.424,2.013,5.928,1.733,0.61,7.63
Czechia,CZE,2016,0.151,0.254,0.456,0.358,1.981,5.826,1.735,0.58,7.524
Czechia,CZE,2017,0.114,0.217,0.436,0.307,1.99,6.228,1.706,0.547,7.376
Czechia,CZE,2018,0.084,0.178,0.425,0.311,2.097,6.341,1.764,0.531,7.365
Czechia,CZE,2019,0.068,0.15,0.375,0.278,2.098,6.462,1.86,0.521,7.647
Denmark,DNK,1983,0.873,0.427,0,,2.617,4.96,3.275,0.117,7.796
Denmark,DNK,1984,0.813,0.442,0,,2.552,4.66,3.077,0.025,7.663
Denmark,DNK,1985,0.743,0.448,0,,2.536,4.604,3.167,0.025,7.637
Denmark,DNK,1986,0.678,0.454,0,0.783,2.52,4.411,3.309,0.023,7.495
Denmark,DNK,1987,0.724,0.501,0,0.776,2.89,4.658,3.29,0.022,7.616
Denmark,DNK,1988,0.772,0.539,0,0.697,3.181,4.768,3.58,0.023,7.92
Denmark,DNK,1989,0.817,0.578,0,0.756,3.146,4.661,3.343,0.022,8.152
Denmark,DNK,1990,0.977,0.633,0,0.732,3.193,4.433,3.671,0.022,8.288
Denmark,DNK,1991,1.133,0.686,0,0.842,3.26,4.46,3.612,0.022,8.39
Denmark,DNK,1992,1.136,0.725,0,0.946,3.35,4.486,3.587,0.02,8.35
Denmark,DNK,1993,1.211,0.782,0,1.194,3.55,4.706,3.848,0.021,8.478
Denmark,DNK,1994,1.321,0.758,0.025,1.703,3.819,4.521,3.828,0.02,9.429
Denmark,DNK,1995,1.331,0.747,0.044,1.877,3.775,4.269,4.114,0.019,9.337
Denmark,DNK,1996,1.205,0.717,0.009,1.769,3.708,4.289,4.046,0.017,9.185
Denmark,DNK,1997,1.148,0.705,0.004,1.64,3.636,4.225,3.893,0.016,8.888
Denmark,DNK,1998,1.066,0.708,0.003,1.653,3.466,4.314,3.982,0.015,8.534
Denmark,DNK,1999,1.039,0.689,0.001,1.814,3.483,5.194,3.997,0.014,8.317
Denmark,DNK,2000,1.018,0.646,0,1.844,3.395,5.057,3.807,0.011,7.986
Denmark,DNK,2001,1.016,0.642,0,1.803,3.463,5.343,3.985,0.01,8.027
Denmark,DNK,2002,1.02,0.649,0,1.802,3.556,5.536,4.196,0.01,8.034
Denmark,DNK,2003,0.995,0.678,0,1.705,3.671,5.676,4.388,0.01,8.204
Denmark,DNK,2004,1.003,0.694,0,1.64,3.575,5.717,4.39,0.009,8.091
Denmark,DNK,2005,0.974,0.688,0,1.526,3.5,5.835,4.429,0.009,8.234
Denmark,DNK,2006,0.817,0.636,0,1.457,3.454,5.904,4.395,0.008,8.291
Denmark,DNK,2007,0.75,0.64,0,1.271,3.675,6.126,5.363,0.03,8.057
Denmark,DNK,2008,0.74,0.627,0,1.34,3.725,6.317,5.397,0.028,8.149
Denmark,DNK,2009,0.899,0.675,0,1.609,4.06,7.195,5.861,0.028,8.956
Denmark,DNK,2010,1.185,0.673,0,2.022,3.893,7.225,5.897,0.026,8.988
Denmark,DNK,2011,1.249,0.688,0,2.019,3.921,7.089,5.827,0.023,9.206
Denmark,DNK,2012,1.295,0.696,0,1.942,3.804,7.238,5.814,0.021,9.394
Denmark,DNK,2013,1.403,0.689,0,1.933,3.732,7.192,5.589,0.02,9.49
Denmark,DNK,2014,1.411,0.698,0,2.034,3.619,7.18,5.408,0.018,9.651
Denmark,DNK,2015,1.576,0.7,0,2.043,3.519,7.218,5.206,0.015,9.697
Denmark,DNK,2016,1.643,0.68,0,2.023,3.478,7.173,4.935,0.015,9.484
Denmark,DNK,2017,1.514,0.667,0,1.95,3.399,7.042,4.855,0.013,9.541
Denmark,DNK,2018,1.431,0.656,0,1.892,3.372,6.695,4.47,0.014,10.005
Denmark,DNK,2019,1.251,0.655,0,1.884,3.313,6.726,4.489,0.017,10.101
Denmark,DNK,1980,,0.372,0,,2.737,5.079,4.093,0.136,7.841
Denmark,DNK,1981,,0.393,0,,2.813,5.134,3.739,0.132,7.921
Denmark,DNK,1982,,0.396,0,,2.789,5.141,3.607,0.122,7.912
Estonia,EST,1999,0.324,0.124,,0,1.738,4.366,1.84,0.302,6.511
Estonia,EST,2000,0.276,0.097,0.128,0,1.746,3.974,1.538,0.267,5.907
Estonia,EST,2001,0.289,0.077,0.121,0,1.604,3.705,1.63,0.218,5.422
Estonia,EST,2002,0.25,0.079,0.085,0,1.575,3.561,1.655,0.154,5.406
Estonia,EST,2003,0.2,0.076,0.176,0.075,1.423,3.671,1.749,0.099,5.424
Estonia,EST,2004,0.138,0.046,0.163,0.062,1.838,3.729,1.786,0.103,5.439
Estonia,EST,2005,0.119,0.028,0.107,0.068,1.738,3.652,1.754,0.104,5.261
Estonia,EST,2006,0.078,0.039,0.064,0.071,1.682,3.463,1.713,0.101,5.237
Estonia,EST,2007,0.071,0.021,0.09,0.05,1.611,3.638,1.753,0.094,5.037
Estonia,EST,2008,0.074,0.022,0.249,0.066,2.103,4.211,2.209,0.108,6.099
Estonia,EST,2009,0.113,0.034,1.066,0.232,2.56,4.872,2.642,0.12,7.784
Estonia,EST,2010,0.143,0.049,0.586,0.225,2.557,4.616,2.285,0.103,7.577
Estonia,EST,2011,0.143,0.049,0.307,0.221,2.231,4.272,2.164,0.084,6.711
Estonia,EST,2012,0.117,0.043,0.272,0.28,2.039,4.28,2.116,0.074,6.53
Estonia,EST,2013,0.103,0.039,0.328,0.232,1.914,4.34,2.161,0.067,6.492
Estonia,EST,2014,0.099,0.032,0.293,0.194,2.293,4.414,2.141,0.061,6.455
Estonia,EST,2015,0.088,0.026,0.326,0.212,2.786,4.595,2.25,0.059,6.937
Estonia,EST,2016,0.102,0.071,0.34,0.302,2.902,4.659,2.319,0.057,6.78
Estonia,EST,2017,0.082,0.067,0.285,0.413,2.825,4.519,2.279,0.052,6.505
Estonia,EST,2018,0.072,0.064,0.301,0.467,3.119,4.593,2.296,0.05,6.501
Estonia,EST,2019,0.066,0.057,0.34,0.52,3.21,4.723,2.334,0.048,6.609
Estonia,EST,1993,,,,0,,,,,
Estonia,EST,1994,,,,0,,,,,
Estonia,EST,1995,,,,0,,,,,
Estonia,EST,1996,,,,0,,,,,
Estonia,EST,1997,,,,0,,,,,
Estonia,EST,1998,,,,0,,,,,
Finland,FIN,1980,0.153,0.204,0.64,0.75,2.039,4.611,3.454,0.84,5.063
Finland,FIN,1981,0.161,0.203,0.693,0.736,1.913,4.742,3.289,0.873,5.284
Finland,FIN,1982,0.169,0.21,0.844,0.776,2.209,4.831,3.364,0.914,5.607
Finland,FIN,1983,0.173,0.204,0.903,0.792,2.387,4.836,3.727,0.94,5.87
Finland,FIN,1984,0.278,0.184,0.865,0.801,2.341,4.641,3.866,0.929,6.72
Finland,FIN,1985,0.318,0.171,1.268,0.717,2.514,4.958,3.838,0.971,6.922
Finland,FIN,1986,0.365,0.159,1.464,0.732,2.545,5.108,3.871,0.997,6.879
Finland,FIN,1987,0.391,0.134,1.489,0.766,2.648,5.251,3.938,0.995,7.144
Finland,FIN,1988,0.358,0.15,1.339,0.882,2.643,5.103,3.875,0.949,6.788
Finland,FIN,1989,0.376,0.163,1.095,0.8,2.785,5.188,3.851,0.935,6.622
Finland,FIN,1990,0.448,0.177,1.072,0.833,3.141,5.636,4.149,0.97,6.905
Finland,FIN,1991,0.576,0.248,2.075,1.18,3.702,6.494,4.84,1.124,8.009
Finland,FIN,1992,0.657,0.371,3.618,1.597,4.021,6.541,5.321,1.248,8.824
Finland,FIN,1993,0.678,0.373,4.645,1.503,3.901,5.718,5.434,1.21,8.817
Finland,FIN,1994,0.652,0.453,4.428,1.463,4.31,5.283,5.239,1.162,8.583
Finland,FIN,1995,0.624,0.448,3.812,1.377,3.947,4.353,4.933,1.104,8.306
Finland,FIN,1996,0.695,0.379,3.593,1.512,3.675,4.439,4.79,1.095,8.553
Finland,FIN,1997,0.669,0.329,3.144,1.372,3.44,4.245,4.436,1.039,7.934
Finland,FIN,1998,0.544,0.365,2.61,1.113,3.245,4.116,4.067,0.961,7.488
Finland,FIN,1999,0.511,0.392,2.375,1.023,3.129,4.084,3.92,0.941,7.468
Finland,FIN,2000,0.481,0.343,2.115,0.86,2.93,4.099,3.683,0.897,7.283
Finland,FIN,2001,0.49,0.277,1.974,0.799,2.818,4.241,3.611,0.889,7.413
Finland,FIN,2002,0.517,0.278,2.035,0.794,2.799,4.506,3.682,0.898,7.726
Finland,FIN,2003,0.527,0.283,2.081,0.87,2.811,4.706,3.726,0.896,7.984
Finland,FIN,2004,0.509,0.275,2.05,0.929,2.821,4.799,3.716,0.876,8.018
Finland,FIN,2005,0.503,0.265,1.921,0.865,2.834,4.936,3.659,0.859,8.118
Finland,FIN,2006,0.539,0.254,1.739,0.866,2.804,4.949,3.58,0.839,8.206
Finland,FIN,2007,0.548,0.23,1.485,0.831,2.717,4.767,3.428,0.797,8.066
Finland,FIN,2008,0.584,0.4,1.388,0.781,2.781,4.94,3.504,0.789,8.195
Finland,FIN,2009,0.742,0.469,1.877,0.87,3.123,5.387,3.916,0.884,9.681
Finland,FIN,2010,0.757,0.491,1.927,0.995,3.102,5.373,3.882,0.886,9.999
Finland,FIN,2011,0.802,0.491,1.633,0.974,3.074,5.417,3.766,0.829,10.084
Finland,FIN,2012,0.86,0.521,1.713,0.985,3.173,5.655,3.807,0.84,10.776
Finland,FIN,2013,0.888,0.557,1.928,1,3.198,5.821,3.817,0.856,11.374
Finland,FIN,2014,0.892,0.599,2.19,1.052,3.164,5.84,3.784,0.845,11.81
Finland,FIN,2015,0.875,0.686,2.349,0.994,3.086,5.868,3.593,0.822,12.256
Finland,FIN,2016,1.092,0.756,2.287,0.976,3.003,5.634,3.412,0.798,12.483
Finland,FIN,2017,0.915,0.814,1.933,0.979,2.864,5.529,3.198,0.786,12.556
Finland,FIN,2018,0.843,0.895,1.678,0.941,2.87,5.622,3.168,0.762,12.574
Finland,FIN,2019,0.85,0.879,1.507,0.917,2.89,5.756,3.157,0.747,12.717
France,FRA,1989,0.093,0.7,1.787,0.64,2.293,,2.49,1.813,8.139
France,FRA,1990,0.149,0.734,1.641,0.71,2.447,6.076,2.045,1.562,9.034
France,FRA,1991,0.169,0.755,1.703,0.817,2.447,6.217,2.056,1.573,9.296
France,FRA,1992,0.189,0.795,1.748,0.939,2.446,6.411,2.044,1.584,9.617
France,FRA,1993,0.223,0.868,1.826,1.134,2.628,6.716,2.083,1.612,10.083
France,FRA,1994,0.255,0.899,1.711,1.149,2.628,6.656,2.073,1.595,10.246
France,FRA,1995,0.279,0.907,1.587,1.169,2.661,7.818,2.056,1.614,10.397
France,FRA,1996,0.288,0.901,1.675,1.21,2.666,7.809,2.083,1.606,10.539
France,FRA,1997,0.294,0.898,1.644,1.194,2.724,7.719,2.058,1.578,10.536
France,FRA,1998,0.313,0.885,1.604,1.147,3.289,7.628,2.031,1.54,10.419
France,FRA,1999,0.334,0.876,1.555,1.202,3.269,7.624,2.024,1.512,10.432
France,FRA,2000,0.315,0.853,1.42,1.183,3.006,7.56,1.683,1.464,10.232
France,FRA,2001,0.302,0.833,1.419,1.152,2.929,7.659,1.703,1.442,10.265
France,FRA,2002,0.313,0.847,1.642,1.104,2.916,7.935,1.785,1.717,10.164
France,FRA,2003,0.334,0.822,1.817,1.052,2.973,7.943,1.809,1.713,10.34
France,FRA,2004,0.341,0.815,1.792,0.964,3.003,8.008,1.805,1.701,10.447
France,FRA,2005,0.351,0.79,1.675,0.903,2.934,8.038,1.8,1.728,10.611
France,FRA,2006,0.645,0.78,1.425,0.916,2.849,8.021,1.572,1.654,10.532
France,FRA,2007,0.688,0.757,1.295,0.908,2.822,7.945,1.539,1.605,10.678
France,FRA,2008,0.663,0.791,1.242,0.811,2.807,8.032,1.552,1.602,10.985
France,FRA,2009,0.831,0.834,1.551,0.957,3.001,8.636,1.605,1.682,11.845
France,FRA,2010,0.786,0.823,1.595,1.066,2.923,8.561,1.619,1.681,11.93
France,FRA,2011,0.765,0.819,1.499,0.893,2.868,8.501,1.63,1.67,12.057
France,FRA,2012,0.768,0.821,1.565,0.861,2.91,8.596,1.655,1.687,12.313
France,FRA,2013,0.78,0.839,1.619,0.875,2.978,8.678,1.661,1.689,12.537
France,FRA,2014,0.812,0.842,1.619,0.938,2.984,8.799,1.674,1.676,12.623
France,FRA,2015,0.816,0.831,1.612,0.942,2.928,8.751,1.679,1.644,12.575
France,FRA,2016,0.837,0.819,1.589,1.068,2.888,8.798,1.693,1.623,12.602
France,FRA,2017,0.857,0.791,1.554,0.911,2.858,8.715,1.697,1.584,12.479
France,FRA,2018,0.877,0.727,1.52,0.763,2.788,8.605,1.696,1.551,12.461
France,FRA,2019,1.031,0.692,1.494,0.717,2.712,8.523,1.702,1.516,12.352
France,FRA,2020,1.235,0.728,2.788,0.757,2.928,9.561,1.948,1.602,13.329
France,FRA,1980,,0.411,,,2.233,5.378,2.722,1.869,7.524
France,FRA,1981,,0.459,,,2.732,,2.765,1.93,7.731
France,FRA,1982,,0.613,,,2.787,,2.852,1.943,7.918
France,FRA,1983,,0.634,,,2.757,,2.796,1.97,8.064
France,FRA,1984,,0.656,,,2.709,,2.757,1.967,8.288
France,FRA,1985,,0.674,2.275,0.588,2.636,5.986,2.737,1.971,8.472
France,FRA,1986,,0.696,2.172,0.664,2.544,,2.711,1.939,8.461
France,FRA,1987,,0.707,2.105,0.723,2.489,,2.663,1.9,8.514
France,FRA,1988,,0.701,1.961,0.707,2.45,,2.602,1.865,8.612
Germany,DEU,1980,0.272,0.12,0.489,,2.012,6.303,2.041,0.859,9.691
Germany,DEU,1981,0.286,0.151,0.801,,2.058,6.54,2.024,0.83,9.755
Germany,DEU,1982,0.31,0.161,1.059,,1.839,6.361,1.983,0.817,9.904
Germany,DEU,1983,0.321,0.15,1.167,,1.669,6.278,1.894,0.755,9.905
Germany,DEU,1984,0.347,0.133,1.001,,1.561,6.387,1.862,0.736,9.853
Germany,DEU,1985,0.389,0.13,0.943,0.493,1.487,6.495,1.812,0.711,9.769
Germany,DEU,1986,0.425,0.168,0.874,0.728,1.512,6.437,1.766,0.68,9.657
Germany,DEU,1987,0.446,0.182,0.91,0.824,1.558,6.507,1.786,0.678,9.824
Germany,DEU,1988,0.462,0.171,0.891,0.878,1.515,6.624,1.757,0.64,9.766
Germany,DEU,1989,0.551,0.16,0.784,0.832,1.452,6.058,1.689,0.568,9.548
Germany,DEU,1990,0.099,0.247,0.824,0.858,1.828,6.058,1.947,2.878,6.614
Germany,DEU,1991,0.092,0.242,1.273,1.114,2.11,6.338,1.957,2.575,6.606
Germany,DEU,1992,0.099,0.305,1.379,1.437,2.177,7.159,1.919,2.641,6.902
Germany,DEU,1993,0.105,0.304,1.8,1.349,2.189,7.1,2.01,2.697,7.167
Germany,DEU,1994,0.228,0.264,1.715,1.147,2.088,7.327,2.053,2.707,7.374
Germany,DEU,1995,0.234,0.27,1.51,1.162,2.069,7.414,2.23,2.714,7.648
Germany,DEU,1996,0.231,0.285,1.605,1.267,1.998,7.6,2.318,2.691,7.862
Germany,DEU,1997,0.206,0.302,1.555,1.078,2.044,7.39,2.186,2.657,8.028
Germany,DEU,1998,0.184,0.309,1.426,1.17,2.033,7.343,2.15,2.589,8.189
Germany,DEU,1999,0.168,0.297,1.364,1.301,2.076,7.375,2.14,2.53,8.273
Germany,DEU,2000,0.151,0.311,1.306,1.247,2.058,7.385,2.111,2.476,8.426
Germany,DEU,2001,0.136,0.296,1.336,1.239,2.013,7.417,2.101,2.419,8.531
Germany,DEU,2002,0.129,0.323,1.49,1.269,2.084,7.575,2.115,2.43,8.752
Germany,DEU,2003,0.142,0.348,1.662,1.216,2.093,7.697,2.095,2.415,8.962
Germany,DEU,2004,0.147,0.368,1.728,1.128,2.053,7.348,2.01,2.322,8.919
Germany,DEU,2005,0.121,0.633,1.834,1.118,2.053,7.449,1.954,2.274,8.948
Germany,DEU,2006,0.114,0.67,1.627,0.94,1.744,7.319,1.857,2.178,8.659
Germany,DEU,2007,0.109,0.632,1.349,0.853,1.821,7.231,1.787,2.058,8.372
Germany,DEU,2008,0.099,0.604,1.234,0.881,1.906,7.379,1.843,2.023,8.385
Germany,DEU,2009,0.103,0.678,1.622,1.002,2.178,8.113,2.001,2.135,8.977
Germany,DEU,2010,0.101,0.662,1.467,0.901,2.189,7.99,1.979,2.051,8.728
Germany,DEU,2011,0.101,0.612,1.133,0.775,2.143,7.734,1.929,1.951,8.384
Germany,DEU,2012,0.108,0.591,1.034,0.677,2.168,7.777,1.977,1.934,8.395
Germany,DEU,2013,0.126,0.589,1.034,0.645,2.215,7.959,2.037,1.9,8.342
Germany,DEU,2014,0.149,0.573,0.972,0.653,2.227,8.04,2.041,1.847,8.299
Germany,DEU,2015,0.241,0.557,0.919,0.641,2.264,8.121,2.088,1.806,8.432
Germany,DEU,2016,0.364,0.552,0.873,0.627,2.317,8.176,2.114,1.783,8.471
Germany,DEU,2017,0.24,0.556,0.852,0.659,2.335,8.15,2.243,1.754,8.447
Germany,DEU,2018,0.206,0.539,0.79,0.681,2.37,8.19,2.298,1.736,8.487
Germany,DEU,2019,0.19,0.497,0.792,0.593,2.42,8.321,2.371,1.728,8.677
Greece,GRC,1980,0,0.063,0.212,,0.299,3.147,0.954,0.766,4.415
Greece,GRC,1981,0,0.052,0.252,,0.415,4.285,1.139,0.879,4.846
Greece,GRC,1982,0,0.055,0.265,,0.361,4.536,1.451,1.145,6.127
Greece,GRC,1983,0,0.205,0.273,,0.318,4.749,1.599,1.212,6.128
Greece,GRC,1984,0,0.175,0.278,,0.261,4.579,1.61,1.339,6.551
Greece,GRC,1985,0,0.187,0.299,0.147,0.309,4.377,1.745,1.396,6.908
Greece,GRC,1986,0,0.148,0.353,0.158,0.29,4.184,1.711,1.36,7.008
Greece,GRC,1987,0,0.17,0.328,0.158,0.247,3.81,1.738,1.393,7.334
Greece,GRC,1988,0,0.122,0.293,0.153,0.205,2.967,1.678,1.338,7.176
Greece,GRC,1989,0,0.112,0.357,0.173,0.173,3.387,1.713,1.496,7.36
Greece,GRC,1990,0.108,0.418,0.387,0.178,0.651,3.285,1.193,0.522,8.98
Greece,GRC,1991,0.116,0.405,0.464,0.196,0.784,3.211,1.041,0.492,8.468
Greece,GRC,1992,0.121,0.383,0.419,0.233,0.766,3.607,0.94,0.476,8.445
Greece,GRC,1993,0.193,0.503,0.37,0.202,0.784,4.046,0.935,0.485,8.716
Greece,GRC,1994,0.068,0.513,0.388,0.216,1.005,4.099,0.856,0.475,8.639
Greece,GRC,1995,0.11,0.444,0.392,0.383,1,4.214,0.794,0.449,8.813
Greece,GRC,1996,0.128,0.478,0.397,0.353,0.978,4.265,0.787,0.62,9.007
Greece,GRC,1997,0.116,0.572,0.414,0.285,0.926,4.147,0.785,0.624,9.045
Greece,GRC,1998,0.102,0.563,0.405,0.315,0.965,4.038,0.797,0.668,9.608
Greece,GRC,1999,0.306,0.672,0.387,0.231,0.911,4.254,0.823,0.71,9.679
Greece,GRC,2000,0,0.05,0.589,0.234,0.818,4.464,1.427,1.734,8.451
Greece,GRC,2001,0,0.043,0.581,0.239,0.758,5.049,1.374,1.77,8.822
Greece,GRC,2002,0,0,0.594,0.174,0.726,4.978,1.398,1.771,8.717
Greece,GRC,2003,0,0,0.57,0.088,0.757,5.058,1.371,1.721,8.612
Greece,GRC,2004,0,0.037,0.625,0.153,0.777,4.745,1.379,1.753,8.84
Greece,GRC,2005,0,0.033,0.635,0.067,0.779,5.21,1.42,1.872,9.518
Greece,GRC,2006,0,0.07,0.566,0.151,0.74,5.088,1.393,1.783,9.588
Greece,GRC,2007,0,0.079,0.543,0.164,0.84,5.319,1.512,2.017,9.659
Greece,GRC,2008,0,0.064,0.658,0.15,0.839,5.768,1.587,2.101,10.404
Greece,GRC,2009,0,0.07,0.946,0.22,0.954,6.427,1.73,2.325,11.24
Greece,GRC,2010,0,0.053,0.937,0.233,0.978,6.613,1.849,2.402,11.952
Greece,GRC,2011,0.001,0.036,1.067,0.112,1.021,6.04,2.014,2.556,13.616
Greece,GRC,2012,0.002,0.01,0.852,0.107,1.177,5.899,1.995,2.666,14.717
Greece,GRC,2013,0.001,0.002,0.695,0.206,1.329,5.238,1.859,2.522,13.591
Greece,GRC,2014,0.286,0.001,0.52,0.31,1.377,4.542,1.864,2.559,14.033
Greece,GRC,2015,0.063,0.029,0.487,0.225,1.285,4.803,1.326,2.762,14.737
Greece,GRC,2016,0.15,0.021,0.533,0.182,1.271,5.186,1.345,2.749,14.605
Greece,GRC,2017,0.311,0.02,0.516,0.192,1.655,4.926,1.271,2.525,13.771
Greece,GRC,2018,0.441,0,0.527,0.22,1.884,4.808,1.225,2.396,13.524
Greece,GRC,2019,0.364,0.002,0.569,0.364,1.768,5.046,1.275,2.351,13.342
Hungary,HUN,1999,0.175,0.605,0.82,0.395,3.128,4.905,2.649,1.145,7.031
Hungary,HUN,2000,0.179,0.553,0.687,0.385,2.994,4.721,2.614,1.091,6.868
Hungary,HUN,2001,0.18,0.466,0.548,0.458,2.877,4.653,2.652,1.071,6.865
Hungary,HUN,2002,0.191,0.454,0.504,0.498,2.946,4.954,2.765,1.11,7.378
Hungary,HUN,2003,0.129,0.466,0.5,0.38,3.209,5.728,2.933,1.102,7.344
Hungary,HUN,2004,0.132,0.4,0.526,0.312,2.948,5.46,2.808,1.161,7.303
Hungary,HUN,2005,0.138,0.504,0.546,0.321,2.993,5.643,2.793,1.245,7.631
Hungary,HUN,2006,0.126,0.521,0.572,0.335,3.258,5.501,2.758,1.269,7.774
Hungary,HUN,2007,0.127,0.893,0.662,0.341,3.216,4.96,2.693,1.313,8.168
Hungary,HUN,2008,0.129,0.696,0.716,0.343,3.24,4.88,2.699,1.309,8.61
Hungary,HUN,2009,0.123,0.667,0.845,0.464,3.386,4.931,2.718,1.305,8.745
Hungary,HUN,2010,0.119,0.512,0.789,0.623,3.359,4.994,2.358,1.262,8.789
Hungary,HUN,2011,0.097,0.389,0.743,0.476,3.162,4.973,2.12,1.244,8.959
Hungary,HUN,2012,0.092,0.325,0.537,0.748,3.059,4.853,2.011,1.266,9.587
Hungary,HUN,2013,0.099,0.313,0.467,0.87,2.969,4.818,1.913,1.241,9.478
Hungary,HUN,2014,0.107,0.285,0.355,0.953,2.874,4.725,1.907,1.146,8.969
Hungary,HUN,2015,0.119,0.292,0.348,0.873,2.713,4.671,1.84,1.069,8.425
Hungary,HUN,2016,0.11,0.355,0.305,0.911,2.661,4.756,1.734,1.023,8.316
Hungary,HUN,2017,0.114,0.43,0.29,0.84,2.588,4.641,1.633,0.947,7.95
Hungary,HUN,2018,0.122,0.495,0.27,0.633,2.504,4.572,1.55,0.868,7.603
Hungary,HUN,2019,0.112,0.384,0.3,0.577,2.392,4.323,1.504,0.804,7.24
Hungary,HUN,1992,,,2.124,0.58,,5.949,,,
Hungary,HUN,1993,,,2.05,0.633,,5.969,,,
Hungary,HUN,1994,,,1.171,0.588,,6.369,,,
Hungary,HUN,1995,,,0.863,0.404,,5.572,,,
Hungary,HUN,1996,,,0.728,0.366,,5.361,,,
Hungary,HUN,1997,,,0.606,0.433,,5.046,,,
Hungary,HUN,1998,,,0.597,0.381,,4.933,,,
Hungary,HUN,1991,,,,,,5.602,,,
Iceland,ISL,1990,0.407,0.004,0.289,0.024,2.361,5.5,1.275,0.065,3.365
Iceland,ISL,1991,0.441,0.004,0.239,0.009,2.45,5.633,1.376,0.065,3.526
Iceland,ISL,1992,0.402,0.013,0.462,0.011,2.462,5.634,1.578,0.065,3.647
Iceland,ISL,1993,0.508,0.021,0.668,0.026,2.369,5.56,1.732,0.072,3.647
Iceland,ISL,1994,0.505,0.021,0.726,0.023,2.316,5.487,1.705,0.05,3.618
Iceland,ISL,1995,0.518,0.062,0.775,0.018,2.36,5.551,1.789,0.052,3.633
Iceland,ISL,1996,0.487,0.088,0.592,0.062,2.433,5.518,1.747,0.046,3.58
Iceland,ISL,1997,0.451,0.099,0.517,0.052,2.32,5.311,1.799,0.044,3.514
Iceland,ISL,1998,0.396,0.113,0.377,0.081,2.209,5.709,1.758,0.042,3.485
Iceland,ISL,1999,0.425,0.119,0.263,0.069,2.182,6.059,1.826,0.038,3.443
Iceland,ISL,2000,0.389,0.121,0.184,0.06,2.123,6.028,2.158,0.036,3.364
Iceland,ISL,2001,0.406,0.127,0.181,0.091,2.386,5.92,2.097,0.033,3.241
Iceland,ISL,2002,0.51,0.157,0.326,0.082,2.58,6.234,2.294,0.034,3.59
Iceland,ISL,2003,0.503,0.182,0.447,0.092,2.945,6.09,2.618,0.034,3.82
Iceland,ISL,2004,0.553,0.204,0.439,0.086,2.984,5.754,2.629,0.032,3.813
Iceland,ISL,2005,0.466,0.203,0.296,0.082,2.857,5.431,2.583,0.031,3.669
Iceland,ISL,2006,0.373,0.179,0.194,0.081,2.963,5.222,2.491,0.025,3.449
Iceland,ISL,2007,0.549,0.571,0.179,0.045,3.33,6.851,2.107,0.018,2.174
Iceland,ISL,2008,0.524,0.632,0.302,0.04,3.422,6.86,2.248,0.018,2.105
Iceland,ISL,2009,0.663,0.899,1.545,0.035,3.645,7.164,2.498,0.019,2.023
Iceland,ISL,2010,0.685,0.967,1.444,0.061,3.521,6.678,2.411,0.019,1.947
Iceland,ISL,2011,0.588,1.34,1.348,0.09,3.272,6.563,2.545,0.018,2.382
Iceland,ISL,2012,0.542,1.035,1.173,0.073,3.352,6.538,2.669,0.017,2.395
Iceland,ISL,2013,0.657,0.681,0.847,0.061,3.429,6.559,2.716,0.016,2.359
Iceland,ISL,2014,0.654,0.67,0.657,0.049,3.518,6.624,2.828,0.016,2.495
Iceland,ISL,2015,0.68,0.547,0.485,0.046,3.285,6.521,2.676,0.014,2.393
Iceland,ISL,2016,0.678,0.465,0.394,0.032,3.194,6.6,2.652,0.014,2.463
Iceland,ISL,2017,0.702,0.417,0.413,0.071,3.222,6.763,2.869,0.014,3.026
Iceland,ISL,2018,0.635,0.378,0.468,0.066,3.313,6.901,2.926,0.013,3.077
Iceland,ISL,2019,0.722,0.36,0.77,0.061,3.343,7.057,3.12,0.013,3.245
Iceland,ISL,1980,,,,,,5.175,,,
Iceland,ISL,1981,,,,,,5.32,,,
Iceland,ISL,1982,,,,,,5.589,,,
Iceland,ISL,1983,,,,,,6.166,,,
Iceland,ISL,1984,,,,,,5.635,,,
Iceland,ISL,1985,,,,,,5.839,,,
Iceland,ISL,1986,,,,,,6.198,,,
Iceland,ISL,1987,,,,,,6.411,,,
Iceland,ISL,1988,,,,,,6.906,,,
Iceland,ISL,1989,,,,,,6.707,,,
Ireland,IRL,1980,0.083,0.68,,,1.053,6.065,2.298,1.171,4.324
Ireland,IRL,1981,0.115,0.692,,,1.136,5.826,2.337,1.224,4.455
Ireland,IRL,1982,0.177,0.707,,,1.415,5.695,2.51,1.337,4.733
Ireland,IRL,1983,0.158,0.818,,,1.445,5.596,2.504,1.387,4.788
Ireland,IRL,1984,0.169,0.804,,,1.403,5.299,2.461,1.383,4.642
Ireland,IRL,1985,0.166,0.89,3.249,1.024,1.378,5.234,2.547,1.365,4.539
Ireland,IRL,1986,0.168,0.864,3.264,1.103,1.525,5.093,2.586,1.358,4.58
Ireland,IRL,1987,0.166,0.834,3.119,1.093,1.543,4.752,2.452,1.342,4.515
Ireland,IRL,1988,0.163,0.839,2.832,1.102,1.45,4.436,2.185,1.289,4.305
Ireland,IRL,1989,0.155,0.661,2.545,0.997,1.34,4.261,1.98,1.159,4.042
Ireland,IRL,1990,0.274,0.595,2.083,1.029,1.915,4.109,1.72,1.145,3.989
Ireland,IRL,1991,0.299,0.599,2.393,0.916,2.017,4.468,1.768,1.177,4.123
Ireland,IRL,1992,0.342,0.583,2.676,1.05,2.098,4.703,1.776,1.177,4.121
Ireland,IRL,1993,0.335,0.573,2.69,1.134,2.079,4.769,1.727,1.146,4.043
Ireland,IRL,1994,0.348,0.593,2.441,1.244,2.148,4.677,1.639,1.113,3.896
Ireland,IRL,1995,0.333,0.575,2.23,1.304,2.084,4.526,1.894,1.069,3.548
Ireland,IRL,1996,0.339,0.56,2.106,1.235,2.158,4.362,1.597,1.021,3.213
Ireland,IRL,1997,0.324,0.532,1.65,1.234,2.066,4.359,1.436,0.936,2.971
Ireland,IRL,1998,0.302,0.503,1.337,1.054,2.096,4.23,1.361,0.88,2.78
Ireland,IRL,1999,0.274,0.46,1.034,0.972,2.052,4.213,1.275,0.802,2.602
Ireland,IRL,2000,0.277,0.337,0.831,0.783,1.95,4.573,1.151,0.845,2.39
Ireland,IRL,2001,0.28,0.365,0.747,0.848,2.192,5.014,1.2,0.839,2.463
Ireland,IRL,2002,0.334,0.407,0.871,0.773,2.545,5.271,1.277,0.839,2.541
Ireland,IRL,2003,0.368,0.438,0.93,0.685,2.66,5.519,1.333,0.851,2.639
Ireland,IRL,2004,0.349,0.423,0.966,0.638,2.637,5.698,1.397,0.865,2.767
Ireland,IRL,2005,0.33,0.402,0.909,0.612,2.555,6.027,1.449,0.807,2.742
Ireland,IRL,2006,0.336,0.425,0.938,0.594,2.593,5.85,1.533,0.843,2.73
Ireland,IRL,2007,0.348,0.434,1,0.614,2.703,6.186,1.666,0.84,2.955
Ireland,IRL,2008,0.422,0.555,1.389,0.692,3.182,7.239,1.985,0.962,3.53
Ireland,IRL,2009,0.558,0.528,2.537,0.82,3.686,8.11,2.31,1.184,4.12
Ireland,IRL,2010,0.309,0.847,2.799,0.898,3.429,8.017,2.366,0.56,4.909
Ireland,IRL,2011,0.276,0.804,2.569,0.895,3.232,7.642,2.217,0.572,5.087
Ireland,IRL,2012,0.26,0.794,2.436,0.885,3.16,7.621,2.108,0.585,5.2
Ireland,IRL,2013,0.197,0.741,2.206,0.862,2.931,7.275,2.1,0.534,4.966
Ireland,IRL,2014,0.163,0.748,1.823,0.783,2.659,6.772,1.913,0.505,4.724
Ireland,IRL,2015,0.122,0.571,1.254,0.564,1.994,5.266,1.467,0.371,3.588
Ireland,IRL,2016,0.113,0.584,1.096,0.512,1.963,5.412,1.479,0.372,3.599
Ireland,IRL,2017,0.107,0.562,0.867,0.415,1.849,5.201,1.428,0.348,3.405
Ireland,IRL,2018,0.104,0.54,0.696,0.361,1.741,5.091,1.388,0.331,3.268
Ireland,IRL,2019,0.096,0.517,0.582,0.31,1.635,4.978,1.327,0.306,3.118
Israel,ISR,1995,1.036,0.64,0.444,0.241,2.438,4.619,1.75,0.731,4.136
Israel,ISR,1996,1.1,0.602,0.439,0.246,2.507,4.8,1.856,0.729,4.239
Israel,ISR,1997,1.061,0.422,0.554,0.229,2.45,4.777,1.914,0.729,4.382
Israel,ISR,1998,1.087,0.35,0.606,0.225,2.413,4.599,1.948,0.725,4.356
Israel,ISR,1999,1.167,0.357,0.598,0.231,2.453,4.458,1.945,0.714,4.353
Israel,ISR,2000,1.194,0.305,0.544,0.235,2.339,4.339,2.046,0.693,4.349
Israel,ISR,2001,1.261,0.346,0.63,0.22,2.496,4.595,2.242,0.764,4.726
Israel,ISR,2002,1.231,0.28,0.612,0.218,2.345,4.589,2.403,0.755,4.734
Israel,ISR,2003,1.104,0.247,0.436,0.198,2.145,4.494,2.527,0.673,4.844
Israel,ISR,2004,0.971,0.182,0.368,0.173,1.888,4.392,2.365,0.736,4.582
Israel,ISR,2005,0.892,0.198,0.335,0.17,1.756,4.342,2.378,0.662,4.485
Israel,ISR,2006,0.801,0.146,0.297,0.153,1.797,4.182,2.36,0.7,4.389
Israel,ISR,2007,0.705,0.137,0.26,0.139,1.734,4.057,2.346,0.669,4.309
Israel,ISR,2008,0.688,0.123,0.256,0.128,1.797,4.185,2.431,0.667,4.316
Israel,ISR,2009,0.663,0.115,0.389,0.131,1.884,4.234,2.467,0.7,4.547
Israel,ISR,2010,0.635,0.103,0.315,0.13,1.971,4.326,2.461,0.686,4.629
Israel,ISR,2011,0.601,0.094,0.288,0.123,1.899,4.281,2.432,0.672,4.616
Israel,ISR,2012,0.57,0.097,0.309,0.127,1.94,4.368,2.449,0.666,4.704
Israel,ISR,2013,0.638,0.094,0.324,0.116,1.938,4.413,2.43,0.636,4.701
Israel,ISR,2014,0.614,0.084,0.321,0.118,1.791,4.448,2.482,0.629,4.806
Israel,ISR,2015,0.657,0.06,0.304,0.114,1.824,4.453,2.519,0.607,4.761
Israel,ISR,2016,0.603,0.056,0.279,0.119,1.873,4.493,2.571,0.59,4.721
Israel,ISR,2017,0.609,0.062,0.269,0.141,2.203,4.584,2.701,0.577,4.783
Israel,ISR,2018,0.535,0.064,0.277,0.133,2.085,4.674,2.848,0.54,4.806
Israel,ISR,2019,0.52,0.059,0.296,0.136,2.065,4.777,2.885,0.52,4.869
Israel,ISR,2020,1.323,0.065,1.694,0.139,2.041,5.805,3.189,0.53,5.276
Israel,ISR,2021,0.578,0.053,1.257,0.125,1.888,5.991,2.939,0.456,5.058
Italy,ITA,1980,0,0.004,0.561,,1.037,5.313,1.87,1.597,6.939
Italy,ITA,1981,0,0.003,0.807,,1.236,5.078,2.117,1.835,7.591
Italy,ITA,1982,0,0.003,1.067,,1.087,5.156,2.004,1.935,7.877
Italy,ITA,1983,0,0.003,1.214,,1.048,5.237,2.132,2.05,8.466
Italy,ITA,1984,0,0.003,1.307,,0.971,5.064,2.003,2.019,8.357
Italy,ITA,1985,0,0.007,1.253,,0.872,5.121,2.057,2.102,8.635
Italy,ITA,1986,0,0.015,1.174,,0.76,4.997,2.109,2.12,8.871
Italy,ITA,1987,0,0.017,1.011,,0.712,5.403,2.135,2.2,8.786
Italy,ITA,1988,0,0.009,0.961,,0.716,5.389,2.094,2.165,8.788
Italy,ITA,1989,0,0.007,0.879,,0.806,5.311,2.155,2.199,8.93
Italy,ITA,1990,0.007,0.007,0.576,0.221,0.869,5.685,1.885,2.226,9.159
Italy,ITA,1991,0.013,0.008,0.615,0.317,0.722,5.864,1.779,2.271,9.417
Italy,ITA,1992,0.01,0.01,0.682,0.275,0.71,5.735,1.845,2.405,10.06
Italy,ITA,1993,0.014,0.011,0.76,0.223,0.685,5.55,1.897,2.496,10.363
Italy,ITA,1994,0.016,0.011,0.727,0.241,0.665,5.276,1.864,2.61,10.571
Italy,ITA,1995,0.058,0.005,0.663,0.256,0.579,4.875,1.465,2.381,10.774
Italy,ITA,1996,0.06,0.005,0.608,0.326,0.619,4.948,1.444,2.546,10.91
Italy,ITA,1997,0.078,0.006,0.575,0.377,0.666,5.13,1.449,2.618,11.254
Italy,ITA,1998,0.063,0.006,0.528,0.461,1.074,5.112,1.372,2.454,11.227
Italy,ITA,1999,0.087,0.006,0.469,0.53,1.165,5.186,1.393,2.547,11.337
Italy,ITA,2000,0.084,0.006,0.393,0.548,1.169,5.489,1.329,2.403,11.189
Italy,ITA,2001,0.094,0.007,0.374,0.622,1.217,5.758,1.296,2.397,11.037
Italy,ITA,2002,0.085,0.008,0.401,0.689,1.117,5.891,1.477,2.416,11.144
Italy,ITA,2003,0.09,0.01,0.419,0.74,1.2,5.895,1.523,2.408,11.276
Italy,ITA,2004,0.086,0.011,0.442,0.602,1.218,6.22,1.52,2.391,11.331
Italy,ITA,2005,0.086,0.013,0.469,0.534,1.204,6.454,1.475,2.404,11.416
Italy,ITA,2006,0.088,0.015,0.475,0.478,1.286,6.552,1.482,2.353,11.447
Italy,ITA,2007,0.133,0.019,0.422,0.434,1.273,6.297,1.499,2.326,11.601
Italy,ITA,2008,0.129,0.026,0.488,0.446,1.321,6.618,1.552,2.359,11.994
Italy,ITA,2009,0.135,0.032,0.771,0.452,1.474,6.994,1.702,2.548,12.845
Italy,ITA,2010,0.136,0.031,0.818,0.417,1.32,6.982,1.675,2.52,13.038
Italy,ITA,2011,0.125,0.03,0.791,0.404,1.32,6.735,1.601,2.512,13.029
Italy,ITA,2012,0.117,0.035,0.904,0.455,1.377,6.665,1.742,2.611,13.358
Italy,ITA,2013,0.122,0.033,1.041,0.423,1.412,6.648,1.795,2.697,13.7
Italy,ITA,2014,0.507,0.032,1.015,0.372,1.403,6.689,1.808,2.688,13.609
Italy,ITA,2015,0.725,0.04,0.995,0.495,1.393,6.593,1.787,2.673,13.616
Italy,ITA,2016,0.764,0.038,0.968,0.633,1.377,6.492,1.759,2.6,13.298
Italy,ITA,2017,0.811,0.039,0.904,0.595,1.408,6.399,1.73,2.549,13.219
Italy,ITA,2018,0.86,0.03,0.891,0.419,1.41,6.413,1.727,2.52,13.245
Italy,ITA,2019,0.984,0.03,0.906,0.273,1.419,6.384,1.746,2.541,13.448
Japan,JPN,1980,0.191,0.023,0.375,0.144,0.443,4.282,0.597,0.967,2.799
Japan,JPN,1981,0.198,0.025,0.404,0.151,0.448,4.344,0.623,1.016,3.038
Japan,JPN,1982,0.194,0.027,0.428,0.126,0.449,4.452,0.613,1.035,3.244
Japan,JPN,1983,0.194,0.028,0.43,0.116,0.43,4.595,0.606,1.014,3.383
Japan,JPN,1984,0.191,0.029,0.421,0.105,0.408,4.473,0.588,0.995,3.455
Japan,JPN,1985,0.18,0.029,0.327,0.102,0.408,4.438,0.57,0.983,3.6
Japan,JPN,1986,0.164,0.028,0.336,0.106,0.391,4.504,0.583,0.995,3.857
Japan,JPN,1987,0.149,0.027,0.319,0.131,0.382,4.535,0.586,0.997,3.899
Japan,JPN,1988,0.135,0.025,0.261,0.158,0.358,4.432,0.557,0.954,3.855
Japan,JPN,1989,0.121,0.024,0.227,0.167,0.342,4.357,0.551,0.925,3.879
Japan,JPN,1990,0.11,0.022,0.208,0.136,0.336,4.322,0.538,0.9,3.879
Japan,JPN,1991,0.104,0.021,0.214,0.119,0.336,4.416,0.55,0.895,3.924
Japan,JPN,1992,0.099,0.021,0.249,0.127,0.431,4.622,0.562,0.924,4.151
Japan,JPN,1993,0.104,0.022,0.297,0.151,0.443,4.907,0.585,0.96,4.406
Japan,JPN,1994,0.136,0.023,0.334,0.148,0.435,5.054,0.596,0.992,4.665
Japan,JPN,1995,0.14,0.024,0.36,0.172,0.415,5.009,0.628,1.019,4.978
Japan,JPN,1996,0.104,0.026,0.366,0.157,0.455,4.893,0.616,1.019,5.085
Japan,JPN,1997,0.107,0.028,0.391,0.146,0.451,5.092,0.619,1.011,5.302
Japan,JPN,1998,0.115,0.03,0.464,0.157,0.466,5.229,0.741,1.057,5.6
Japan,JPN,1999,0.123,0.034,0.477,0.22,0.528,5.471,0.692,1.099,6.083
Japan,JPN,2000,0.13,0.038,0.44,0.188,0.539,5.356,0.676,1.115,6.434
Japan,JPN,2001,0.142,0.042,0.45,0.263,0.594,5.552,0.716,1.149,6.855
Japan,JPN,2002,0.155,0.048,0.431,0.201,0.627,5.56,0.675,1.177,7.232
Japan,JPN,2003,0.165,0.054,0.316,0.159,0.63,5.578,0.707,1.191,7.486
Japan,JPN,2004,0.173,0.058,0.235,0.121,0.673,5.636,0.69,1.195,7.707
Japan,JPN,2005,0.172,0.08,0.22,0.128,0.704,5.82,0.66,1.212,7.889
Japan,JPN,2006,0.174,0.068,0.202,0.124,0.686,5.809,0.715,1.218,8.016
Japan,JPN,2007,0.181,0.07,0.193,0.117,0.686,5.994,0.753,1.234,8.204
Japan,JPN,2008,0.193,0.077,0.209,0.103,0.737,6.296,0.821,1.285,8.724
Japan,JPN,2009,0.241,0.092,0.339,0.289,0.803,6.839,0.931,1.356,9.74
Japan,JPN,2010,0.252,0.102,0.256,0.282,1.127,7.049,0.888,1.35,9.675
Japan,JPN,2011,0.438,0.11,0.252,0.307,1.185,8.831,0.928,1.366,8.41
Japan,JPN,2012,0.299,0.114,0.235,0.188,1.134,8.98,0.961,1.351,8.512
Japan,JPN,2013,0.286,0.115,0.21,0.172,1.13,9.073,0.974,1.32,8.489
Japan,JPN,2014,0.321,0.113,0.183,0.156,1.177,9.064,0.968,1.274,8.281
Japan,JPN,2015,0.342,0.115,0.172,0.153,1.409,9.188,1.024,1.237,8.274
Japan,JPN,2016,0.422,0.111,0.158,0.147,1.471,9.143,1.036,1.203,8.273
Japan,JPN,2017,0.352,0.111,0.152,0.15,1.561,9.222,1.057,1.184,8.288
Japan,JPN,2018,0.285,0.109,0.153,0.154,1.626,9.282,1.086,1.168,8.331
Japan,JPN,2019,0.309,0.109,0.162,0.15,1.748,9.587,1.124,1.167,8.41
Japan,JPN,2020,0.365,0.112,0.236,0.746,1.995,10.37,1.221,1.19,8.708
Latvia,LVA,1995,0,,0,0,0,0,0,0,0
Latvia,LVA,1996,0,,0,0,0,0,0,0,0
Latvia,LVA,1997,0.1,0.144,0.302,0,1.465,2.339,1.497,0.445,7.961
Latvia,LVA,1998,0.083,0.142,0.348,0,1.499,2.461,1.561,0.47,8.431
Latvia,LVA,1999,0.102,0.12,0.624,0,1.582,2.551,1.662,0.484,9.258
Latvia,LVA,2000,0.1,0.101,0.548,0,1.487,2.758,1.536,0.458,8.324
Latvia,LVA,2001,0.094,0.092,0.424,0,1.439,2.812,1.484,0.39,7.584
Latvia,LVA,2002,0.098,0.089,0.438,0,1.341,2.857,1.439,0.369,7.168
Latvia,LVA,2003,0.116,0.075,0.444,0.116,1.331,2.73,1.349,0.315,6.39
Latvia,LVA,2004,0.167,0.071,0.419,0.123,1.232,3.484,1.427,0.291,5.781
Latvia,LVA,2005,0.137,0.067,0.366,0.21,1.236,3.249,1.346,0.256,5.331
Latvia,LVA,2006,0.115,0.09,0.35,0.236,1.117,3.51,1.356,0.239,5.073
Latvia,LVA,2007,0.101,0.116,0.334,0.159,1.085,3.355,1.237,0.201,4.436
Latvia,LVA,2008,0.106,0.16,0.446,0.124,1.885,3.369,1.526,0.226,5.08
Latvia,LVA,2009,0.141,0.125,1.366,0.31,2.411,3.637,2.215,0.303,7.41
Latvia,LVA,2010,0.24,0.143,0.846,0.554,2.135,3.67,2.063,0.302,9.169
Latvia,LVA,2011,0.261,0.152,0.423,0.386,1.781,3.635,1.872,0.265,8.133
Latvia,LVA,2012,0.194,0.133,0.357,0.232,1.619,3.265,1.725,0.226,7.572
Latvia,LVA,2013,0.143,0.115,0.429,0.239,1.817,3.246,1.8,0.21,7.541
Latvia,LVA,2014,0.126,0.096,0.453,0.193,1.952,3.26,1.876,0.195,7.225
Latvia,LVA,2015,0.113,0.086,0.505,0.143,2.187,3.315,2.065,0.183,7.115
Latvia,LVA,2016,0.106,0.078,0.572,0.188,2.248,3.426,2.139,0.176,7.04
Latvia,LVA,2017,0.103,0.069,0.543,0.188,2.244,3.42,2.138,0.183,6.923
Latvia,LVA,2018,0.102,0.059,0.569,0.185,2.24,3.706,2.145,0.186,6.951
Latvia,LVA,2019,0.098,0.053,0.559,0.146,2.253,3.972,2.255,0.198,6.989
Lithuania,LTU,1996,0.539,,0.154,0,0.818,3.952,1.614,0.431,5.605
Lithuania,LTU,1997,0.595,0,0.121,0,0.991,4.166,1.531,0.513,5.837
Lithuania,LTU,1998,0.484,0,0.113,0,1.27,4.622,1.638,0.609,6.233
Lithuania,LTU,1999,0.452,0,0.138,0,1.397,4.646,1.861,0.633,7.024
Lithuania,LTU,2000,0.51,0,0.174,0,1.327,4.247,1.87,0.63,6.643
Lithuania,LTU,2001,0.461,0.001,0.146,0,1.171,4.304,1.716,0.617,6.145
Lithuania,LTU,2002,0.467,0.001,0.16,0,1.097,4.543,1.661,0.59,5.838
Lithuania,LTU,2003,0.429,0.001,0.155,0.192,1.012,4.663,1.668,0.556,5.61
Lithuania,LTU,2004,0.323,0.001,0.116,0.195,1.126,3.668,1.749,0.527,5.528
Lithuania,LTU,2005,0.201,0.001,0.153,0.216,1.723,3.768,1.772,0.465,5.393
Lithuania,LTU,2006,0.188,0.002,0.171,0.263,1.656,3.951,1.837,0.459,5.23
Lithuania,LTU,2007,0.153,0.002,0.16,0.297,1.66,4.098,2.046,0.499,5.923
Lithuania,LTU,2008,0.171,0.001,0.199,0.237,2.318,4.484,2.311,0.508,6.344
Lithuania,LTU,2009,0.355,0.002,0.668,0.296,3.461,5.337,2.85,0.622,8.257
Lithuania,LTU,2010,0.693,0.025,0.558,0.303,2.843,4.887,2.243,0.536,7.323
Lithuania,LTU,2011,0.742,0.026,0.373,0.259,2.346,4.606,1.94,0.468,6.612
Lithuania,LTU,2012,0.711,0.031,0.236,0.236,1.793,4.225,1.901,0.444,6.73
Lithuania,LTU,2013,0.59,0.03,0.221,0.243,1.581,4.058,1.81,0.414,6.387
Lithuania,LTU,2014,0.415,0.045,0.192,0.237,1.574,4.184,1.818,0.406,6.637
Lithuania,LTU,2015,0.312,0.055,0.227,0.308,1.628,4.358,2.002,0.377,6.539
Lithuania,LTU,2016,0.26,0.059,0.221,0.297,1.711,4.42,2.035,0.358,6.212
Lithuania,LTU,2017,0.228,0.064,0.232,0.3,1.779,4.275,2.054,0.333,6.067
Lithuania,LTU,2018,0.257,0.066,0.4,0.27,2.27,4.387,2.143,0.322,6.283
Lithuania,LTU,2019,0.252,0.072,0.449,0.213,2.46,4.646,2.118,0.316,6.466
Luxembourg,LUX,1980,0.194,0,0.411,0.212,1.703,4.433,3.981,3.348,5.816
Luxembourg,LUX,1981,0.205,0,0.497,0.721,1.776,4.551,4.105,3.475,6.176
Luxembourg,LUX,1982,0.228,0,0.538,0.674,1.669,4.438,3.95,3.366,5.963
Luxembourg,LUX,1983,0.254,0,0.7,1.063,1.647,4.163,3.966,3.33,5.867
Luxembourg,LUX,1984,0.245,0,0.769,0.597,1.566,4.079,3.829,3.141,5.546
Luxembourg,LUX,1985,0.228,0,0.8,0.408,1.53,4.139,3.863,3.132,5.484
Luxembourg,LUX,1986,0.207,0,0.699,0.357,1.588,4.132,3.631,3.011,5.327
Luxembourg,LUX,1987,0.271,0,0.76,0.344,1.596,4.691,3.626,3.051,5.473
Luxembourg,LUX,1988,0.292,0,0.712,0.309,1.562,4.879,3.469,2.99,5.189
Luxembourg,LUX,1989,0.269,0,0.545,0.218,1.709,4.751,3.254,2.769,5.255
Luxembourg,LUX,1990,0.192,0.033,0.46,0.199,1.931,4.941,2.881,0.78,7.556
Luxembourg,LUX,1991,0.193,0.032,0.446,0.152,1.965,4.735,3.015,0.848,7.901
Luxembourg,LUX,1992,0.192,0.034,0.455,0.143,2.032,4.961,3,0.819,8.004
Luxembourg,LUX,1993,0.199,0.033,0.52,0.117,2.36,5.028,2.972,0.773,7.961
Luxembourg,LUX,1994,0.201,0.035,0.388,0.117,2.534,4.837,2.964,0.786,7.917
Luxembourg,LUX,1995,0.211,0.027,0.497,0.137,2.601,5.101,3.068,0.766,8.175
Luxembourg,LUX,1996,0.21,0.026,0.486,0.158,2.621,5.166,3.124,0.726,8.043
Luxembourg,LUX,1997,0.217,0.052,0.463,0.193,2.54,4.896,3.082,0.667,7.922
Luxembourg,LUX,1998,0.216,0.052,0.396,0.223,2.835,5.03,2.993,0.664,7.803
Luxembourg,LUX,1999,0.162,0.045,0.344,0.21,2.987,5.038,3.305,0.619,7.094
Luxembourg,LUX,2000,0.168,0.053,0.34,0.191,2.983,4.857,2.997,0.548,6.637
Luxembourg,LUX,2001,0.446,0.135,0.634,0.183,3.057,5.28,3.363,2.134,5.049
Luxembourg,LUX,2002,0.457,0.142,0.659,0.268,3.366,5.614,3.437,2.223,5.315
Luxembourg,LUX,2003,0.479,0.117,0.85,0.414,3.74,5.77,3.481,2.338,5.567
Luxembourg,LUX,2004,0.469,0.123,0.915,0.44,3.657,6.067,3.422,2.229,5.498
Luxembourg,LUX,2005,0.435,0.112,0.969,0.493,3.569,5.927,3.315,2.186,5.582
Luxembourg,LUX,2006,0.411,0.13,0.901,0.471,3.347,5.495,3.091,1.968,5.297
Luxembourg,LUX,2007,0.41,0.087,0.848,0.455,3.121,5.184,2.82,1.858,5.111
Luxembourg,LUX,2008,0.406,0.087,0.825,0.431,3.865,5.441,2.774,1.807,5.178
Luxembourg,LUX,2009,0.503,0.071,1.122,0.474,3.872,5.959,2.757,1.946,5.833
Luxembourg,LUX,2010,0.506,0.065,1.098,0.517,3.734,5.657,2.681,1.83,5.639
Luxembourg,LUX,2011,0.525,0.112,1.057,0.582,3.433,4.95,2.676,1.697,5.564
Luxembourg,LUX,2012,0.49,0.079,1.169,0.593,3.426,4.386,2.714,1.799,6.069
Luxembourg,LUX,2013,0.495,0.077,1.352,0.592,3.424,4.35,2.696,1.758,6.145
Luxembourg,LUX,2014,0.492,0.08,1.33,0.616,3.319,4.366,2.612,1.724,6.276
Luxembourg,LUX,2015,0.457,0.076,1.332,0.634,3.24,4.251,2.509,1.639,6.405
Luxembourg,LUX,2016,0.46,0.074,1.146,0.769,3.15,4.24,2.372,1.588,6.453
Luxembourg,LUX,2017,0.466,0.074,1.087,0.773,3.22,4.311,2.434,1.597,6.725
Luxembourg,LUX,2018,0.473,0.079,1.13,0.719,3.305,4.439,2.41,1.573,6.894
Luxembourg,LUX,2019,0.515,0.081,1.171,0.755,3.363,4.627,2.442,1.559,7.103
Mexico,MEX,1985,0.016,0.599,,0.006,0.283,0.841,0.021,0.042,0.141
Mexico,MEX,1986,0.013,0.568,,0.003,0.196,0.789,0.023,0.048,0.144
Mexico,MEX,1987,0.011,0.498,,0.002,0.092,0.801,0.023,0.073,0.226
Mexico,MEX,1988,0.012,0.531,,0.009,0.051,0.963,0.018,0.067,0.271
Mexico,MEX,1989,0.135,0.495,,0.007,0.094,1.213,0.024,0.142,0.353
Mexico,MEX,1990,0.253,0.562,,0.007,0.083,1.71,0.023,0.128,0.374
Mexico,MEX,1991,0.314,0.526,,0.005,0.086,1.997,0.031,0.143,0.421
Mexico,MEX,1992,0.359,0.548,,0.004,0.152,2.107,0.035,0.151,0.494
Mexico,MEX,1993,0.318,0.687,,0.004,0.12,2.015,0.038,0.151,0.454
Mexico,MEX,1994,0.594,0.623,,0.013,0.102,2.081,0.041,0.158,0.493
Mexico,MEX,1995,0.452,0.474,,0.021,0.133,1.89,0.049,0.162,0.498
Mexico,MEX,1996,0.405,0.449,,0.026,0.134,1.717,0.051,0.161,0.424
Mexico,MEX,1997,0.328,0.364,,0.023,0.125,1.886,0.049,0.179,0.442
Mexico,MEX,1998,0.227,0.381,,0.022,0.425,1.973,0.054,0.252,0.477
Mexico,MEX,1999,0.212,0.628,,0.02,0.551,2.058,0.062,0.251,0.505
Mexico,MEX,2000,0.2,0.717,,0.021,0.601,2.012,0.062,0.249,0.53
Mexico,MEX,2001,0.684,0.618,,0.018,0.64,2.109,0.07,0.263,0.591
Mexico,MEX,2002,0.665,0.759,,0.014,0.738,2.165,0.062,0.256,0.687
Mexico,MEX,2003,0.635,0.979,,0.013,0.932,2.414,0.054,0.191,0.801
Mexico,MEX,2004,0.643,0.877,,0.01,0.818,2.587,0.052,0.186,0.78
Mexico,MEX,2005,0.653,1.019,,0.012,0.898,2.465,0.052,0.194,0.852
Mexico,MEX,2006,0.588,1.211,,0.009,0.911,2.422,0.047,0.189,0.884
Mexico,MEX,2007,0.553,1.018,,0.007,0.914,2.527,0.046,0.192,0.998
Mexico,MEX,2008,0.518,1.18,,0.011,1.018,2.617,0.046,0.198,1.116
Mexico,MEX,2009,0.555,1.245,,0.012,0.989,2.861,0.051,0.199,1.35
Mexico,MEX,2010,0.525,1.191,,0.011,1.04,2.881,0.052,0.201,1.443
Mexico,MEX,2011,0.48,1.054,,0.008,1.001,2.914,0.049,0.202,1.501
Mexico,MEX,2012,0.442,0.932,,0.01,0.989,3.007,0.041,0.162,1.645
Mexico,MEX,2013,0.546,0.861,,0.01,0.988,3.123,0.037,0.173,1.826
Mexico,MEX,2014,0.567,0.87,,0.009,0.968,2.892,0.035,0.198,2.012
Mexico,MEX,2015,0.474,0.894,,0.005,1.028,2.987,0.035,0.188,2.046
Mexico,MEX,2016,0.435,0.824,,0.007,1.029,2.848,0.034,0.188,2.124
Mexico,MEX,2017,0.358,0.694,,0.002,0.877,2.758,0.047,0.188,2.481
Mexico,MEX,2018,0.342,0.629,,0.003,0.814,2.672,0.047,0.04,2.558
Mexico,MEX,2019,0.335,0.581,,0.002,0.626,2.678,0.049,0.044,3.04
Netherlands,NLD,1980,1.181,0.24,1.507,0.505,2.319,4.768,6.032,0.758,5.654
Netherlands,NLD,1981,1.292,0.255,2.105,0.521,2.249,4.863,5.898,0.738,5.672
Netherlands,NLD,1982,1.395,0.328,2.942,0.547,2.246,5.073,5.942,0.745,5.821
Netherlands,NLD,1983,1.42,0.404,3.568,0.618,2.175,5.029,5.658,0.73,5.788
Netherlands,NLD,1984,1.337,0.303,3.404,0.554,2.069,4.833,5.44,0.684,5.434
Netherlands,NLD,1985,0.874,0.285,3.071,1.209,1.985,4.794,5.098,0.658,5.502
Netherlands,NLD,1986,0.82,0.284,2.846,1.212,1.851,4.687,5.018,0.639,5.554
Netherlands,NLD,1987,0.772,0.351,2.823,1.224,1.555,4.798,5.116,0.628,5.6
Netherlands,NLD,1988,0.792,0.361,2.674,1.218,1.525,4.707,5.103,0.653,5.513
Netherlands,NLD,1989,0.711,0.348,2.475,1.19,1.57,4.917,4.95,0.649,5.413
Netherlands,NLD,1990,0.765,0.304,2.329,1.175,1.544,4.978,5.869,0.847,5.873
Netherlands,NLD,1991,0.765,0.315,2.269,1.193,1.481,5.219,5.786,0.84,5.767
Netherlands,NLD,1992,0.739,0.301,2.386,1.325,1.396,5.632,5.73,0.85,5.706
Netherlands,NLD,1993,0.68,0.294,2.639,1.396,1.378,5.78,5.533,0.828,5.644
Netherlands,NLD,1994,0.685,0.375,2.775,1.331,1.332,5.624,4.833,0.715,5.228
Netherlands,NLD,1995,0.767,0.36,2.482,1.263,1.253,5.48,4.667,0.686,5.124
Netherlands,NLD,1996,0.733,0.361,2.746,1.259,1.125,5.042,3.989,0.663,5.082
Netherlands,NLD,1997,0.641,0.37,2.418,1.317,1.144,4.999,3.713,0.593,5.123
Netherlands,NLD,1998,0.721,0.382,1.88,1.378,1.413,5.398,3.477,0.443,5.179
Netherlands,NLD,1999,0.679,0.374,1.599,1.354,1.381,5.364,3.424,0.413,4.988
Netherlands,NLD,2000,0.685,0.342,1.371,1.292,1.428,5.321,3.297,0.375,4.871
Netherlands,NLD,2001,0.652,0.325,1.347,1.301,1.419,5.612,3.268,0.357,4.797
Netherlands,NLD,2002,0.62,0.353,1.115,1.399,1.506,6.053,3.563,0.349,4.905
Netherlands,NLD,2003,0.586,0.321,1.334,1.335,1.592,6.354,3.659,0.337,5.022
Netherlands,NLD,2004,0.516,0.318,1.477,1.237,1.572,6.25,3.545,0.314,5.157
Netherlands,NLD,2005,0.501,0.311,1.436,1.161,1.536,6.224,3.305,0.286,5.153
Netherlands,NLD,2006,0.884,0.35,1.22,1.073,1.751,3.165,2.71,0.261,5.012
Netherlands,NLD,2007,0.949,0.35,0.962,0.98,1.235,3.153,2.788,0.238,5.083
Netherlands,NLD,2008,1.085,0.334,0.811,0.94,1.447,2.861,2.779,0.218,4.999
Netherlands,NLD,2009,1.124,0.344,1.055,1.09,1.572,3.06,3.073,0.217,5.537
Netherlands,NLD,2010,1.065,0.351,1.245,1.094,1.527,3.095,3.24,0.199,5.647
Netherlands,NLD,2011,1.166,0.357,1.257,1.012,1.501,3.138,3.182,0.179,5.745
Netherlands,NLD,2012,1.206,0.356,1.329,0.866,1.39,3.424,3.189,0.16,6.003
Netherlands,NLD,2013,1.328,0.373,1.593,0.82,1.322,3.333,3.068,0.137,6.157
Netherlands,NLD,2014,1.268,0.422,1.562,0.818,1.261,3.3,2.947,0.115,6.236
Netherlands,NLD,2015,1.235,0.45,1.443,0.756,1.441,2.712,3.384,0.09,6.086
Netherlands,NLD,2016,1.308,0.472,1.302,0.709,1.477,2.677,3.334,0.084,6.104
Netherlands,NLD,2017,1.436,0.466,1.083,0.638,1.491,2.653,2.862,0.076,5.943
Netherlands,NLD,2018,1.393,0.453,0.927,0.588,1.492,2.691,2.862,0.071,5.842
Netherlands,NLD,2019,1.35,0.437,0.812,0.565,1.575,2.855,2.844,0.065,5.819
New Zealand,NZL,1980,0.439,0.064,0.495,0,2.138,5.07,1.268,0.392,6.5
New Zealand,NZL,1981,0.413,0.047,0.539,0,1.923,5.443,1.271,0.338,6.539
New Zealand,NZL,1982,0.411,0.057,0.584,0,1.907,5.07,1.38,0.329,7.244
New Zealand,NZL,1983,0.466,0.093,0.848,0,1.857,4.971,1.377,0.286,6.787
New Zealand,NZL,1984,0.444,0.115,0.65,0,1.972,4.622,1.356,0.325,6.502
New Zealand,NZL,1985,0.48,0.135,0.595,0,2.226,4.248,1.495,0.312,6.858
New Zealand,NZL,1986,0.576,0.176,0.793,0,2.486,4.347,1.606,0.283,6.307
New Zealand,NZL,1987,1.084,0.15,1.032,0,2.315,4.863,1.751,0.285,6.127
New Zealand,NZL,1988,1.314,0.145,1.398,0,2.339,5.211,1.942,0.282,6.119
New Zealand,NZL,1989,1.697,0.157,1.655,0,2.548,5.355,2.165,0.297,6.411
New Zealand,NZL,1990,0.202,0.164,1.84,0,2.542,5.492,2.792,0.314,6.807
New Zealand,NZL,1991,0.197,0.237,1.773,0,2.199,5.838,2.858,0.247,7.221
New Zealand,NZL,1992,0.193,0.474,1.845,0,2.194,5.714,3.03,0.256,6.543
New Zealand,NZL,1993,0.204,0.627,1.574,0,2.02,5.314,2.848,0.247,5.966
New Zealand,NZL,1994,0.259,0.553,1.255,0,2.238,5.391,2.699,0.23,5.516
New Zealand,NZL,1995,0.217,0.608,1.11,0,2.238,5.362,2.605,0.225,5.252
New Zealand,NZL,1996,0.231,0.676,1.134,0,2.319,5.284,2.639,0.229,5.052
New Zealand,NZL,1997,0.258,0.774,1.39,0,2.723,5.486,2.813,0.259,4.875
New Zealand,NZL,1998,0.334,0.804,1.466,0,3.007,5.788,2.71,0.258,4.744
New Zealand,NZL,1999,0.327,0.778,1.477,0,2.854,5.732,2.563,0.247,4.48
New Zealand,NZL,2000,0.337,0.808,1.313,0,2.712,5.828,2.61,0.247,4.404
New Zealand,NZL,2001,0.286,0.78,1.086,0,2.579,5.792,2.629,0.241,4.236
New Zealand,NZL,2002,0.211,0.75,0.962,0.479,2.532,6.154,2.685,0.26,4.176
New Zealand,NZL,2003,0.162,0.73,0.767,0.397,2.442,6.049,2.714,0.234,4.078
New Zealand,NZL,2004,0.133,0.737,0.551,0.386,2.336,5.68,2.717,0.223,3.938
New Zealand,NZL,2005,2.265,0.821,0.448,0.414,2.957,5.92,2.936,0.226,3.94
New Zealand,NZL,2006,2.187,0.815,0.367,0.393,3.286,6.184,2.615,0.228,3.963
New Zealand,NZL,2007,2.728,0.779,0.254,0.347,3.325,6.093,2.983,0.222,3.94
New Zealand,NZL,2008,2.874,0.841,0.316,0.388,3.548,7.377,2.942,0.235,4.106
New Zealand,NZL,2009,2.947,0.933,0.487,0.329,3.777,7.799,2.759,0.241,4.29
New Zealand,NZL,2010,3.024,0.964,0.473,0.343,3.711,7.787,2.521,0.241,4.365
New Zealand,NZL,2011,2.679,0.964,0.518,0.316,3.594,7.7,2.424,0.227,4.512
New Zealand,NZL,2012,2.647,0.934,0.394,0.289,3.423,7.769,2.398,0.216,4.72
New Zealand,NZL,2013,1.796,0.876,0.432,0.303,3.018,7.493,2.509,0.131,4.701
New Zealand,NZL,2014,1.773,0.846,0.393,0.304,2.891,7.48,2.487,0.164,4.79
New Zealand,NZL,2015,1.061,0.819,0.37,0.257,2.778,7.333,2.423,0.182,4.818
New Zealand,NZL,2016,0.938,0.802,0.353,0.264,2.67,7.271,2.368,0.165,4.821
New Zealand,NZL,2017,0.845,0.846,0.056,0.233,2.421,7.047,2.327,0.154,4.724
New Zealand,NZL,2018,0.988,0.873,0.348,0.218,2.591,7.158,2.349,0.162,4.768
New Zealand,NZL,2019,1.002,1.069,0.435,3.984,2.65,7.185,2.362,0.15,4.804
New Zealand,NZL,2020,1.202,1.293,0.64,0.625,2.832,7.526,2.649,0.138,5.073
New Zealand,NZL,2021,1.026,1.233,0.504,,2.779,7.351,2.775,0.137,5.019
Norway,NOR,1980,0.352,0.407,0.351,,1.782,4.283,3.355,0.559,5.033
Norway,NOR,1985,0.758,0.148,0.47,0.58,1.85,4.141,3.422,0.447,5.38
Norway,NOR,1988,0.91,0.133,0.547,0.346,2.397,3.082,4.26,0.457,7.839
Norway,NOR,1989,0.944,0.141,0.989,0.767,2.581,2.819,4.282,0.449,7.895
Norway,NOR,1990,0.881,0.15,1.042,0.878,2.689,3.875,4.626,0.434,6.976
Norway,NOR,1991,0.87,0.169,1.082,0.893,3.031,4.079,4.925,0.421,6.99
Norway,NOR,1992,0.882,0.192,1.31,0.993,3.35,4.087,4.86,0.423,7.25
Norway,NOR,1993,0.869,0.183,1.386,1.097,3.436,4,4.744,0.42,7.127
Norway,NOR,1994,0.861,0.165,1.244,1.281,3.551,3.874,4.566,0.409,7.129
Norway,NOR,1995,0.768,0.189,1.075,1.22,3.477,3.85,4.556,0.387,6.951
Norway,NOR,1996,0.689,0.199,0.887,1.042,3.394,3.874,4.569,0.365,6.662
Norway,NOR,1997,0.627,0.16,0.686,0.832,3.264,4.172,4.541,0.347,6.553
Norway,NOR,1998,0.642,0.191,0.499,0.75,3.441,4.638,4.917,0.355,7.2
Norway,NOR,1999,0.686,0.174,0.468,0.663,3.422,4.695,4.95,0.336,7.158
Norway,NOR,2000,0.607,0.16,0.445,0.599,2.996,4.332,4.564,0.29,6.418
Norway,NOR,2001,0.609,0.161,0.459,0.62,3.128,4.584,4.726,0.291,6.656
Norway,NOR,2002,0.652,0.165,0.571,0.681,3.024,5.488,5.077,0.345,6.708
Norway,NOR,2003,0.684,0.197,0.728,0.777,3.072,5.664,5.321,0.339,6.862
Norway,NOR,2004,0.703,0.16,0.66,0.758,2.969,5.414,4.703,0.327,6.59
Norway,NOR,2005,0.623,0.141,0.52,0.719,2.79,5.143,4.302,0.297,6.202
Norway,NOR,2006,0.579,0.136,0.31,0.565,2.691,4.881,4.125,0.273,5.92
Norway,NOR,2007,0.556,0.137,0.211,0.538,2.745,4.992,4.143,0.267,6.015
Norway,NOR,2008,0.475,0.121,0.187,0.507,2.727,4.975,3.925,0.266,6.096
Norway,NOR,2009,0.639,0.14,0.418,0.595,3.185,5.67,4.556,0.295,7.022
Norway,NOR,2010,0.64,0.147,0.488,0.62,3.149,5.59,4.179,0.286,7.019
Norway,NOR,2011,0.601,0.149,0.407,0.562,3.109,5.458,3.801,0.29,7.202
Norway,NOR,2012,0.572,0.133,0.346,0.527,3.047,5.487,3.715,0.269,7.371
Norway,NOR,2013,0.599,0.129,0.341,0.505,3.088,5.556,3.734,0.257,7.709
Norway,NOR,2014,0.607,0.125,0.374,0.507,3.161,5.854,3.839,0.258,8.115
Norway,NOR,2015,0.674,0.126,0.446,0.517,3.266,6.436,4.322,0.263,8.63
Norway,NOR,2016,0.804,0.133,0.502,0.532,3.364,6.689,4.507,0.268,9.135
Norway,NOR,2017,0.745,0.118,0.426,0.473,3.242,6.456,4.397,0.256,9.015
Norway,NOR,2018,0.679,0.113,0.313,0.422,3.071,6.29,4.26,0.236,8.825
Norway,NOR,2019,0.668,0.124,0.266,0.401,3.187,6.598,4.492,0.242,9.3
Norway,NOR,1986,,,0.379,0.432,,0,,,
Norway,NOR,1987,,,0.369,0.335,,0,,,
Norway,NOR,1981,,,,,,0,,,
Norway,NOR,1982,,,,,,0,,,
Norway,NOR,1983,,,,,,0,,,
Norway,NOR,1984,,,,,,0,,,
OECD countries,,1980,0.351,0.206,0.551,0.213,1.455,4.078,2.045,0.865,4.914
OECD countries,,1981,0.37,0.199,0.675,0.274,1.488,4.129,2.057,0.897,5.099
OECD countries,,1982,0.404,0.223,0.818,0.271,1.483,4.17,2.08,0.909,5.289
OECD countries,,1983,0.438,0.259,0.914,0.32,1.461,4.183,2.085,0.92,5.349
OECD countries,,1984,0.44,0.251,0.87,0.275,1.418,4.112,2.052,0.9,5.349
OECD countries,,1985,0.427,0.26,0.988,0.417,1.414,4.13,2.053,0.897,5.402
OECD countries,,1986,0.433,0.259,0.973,0.425,1.408,4.079,2.063,0.898,5.425
OECD countries,,1987,0.468,0.257,0.937,0.423,1.411,4.152,2.081,0.906,5.494
OECD countries,,1988,0.482,0.249,0.872,0.413,1.412,4.127,2.089,0.893,5.474
OECD countries,,1989,0.474,0.244,0.824,0.409,1.419,4.122,2.065,0.89,5.429
OECD countries,,1990,0.38,0.259,0.873,0.408,1.552,4.294,2.138,0.84,5.644
OECD countries,,1991,0.441,0.278,1.039,0.455,1.633,4.488,2.187,0.839,5.823
OECD countries,,1992,0.475,0.31,1.203,0.527,1.699,4.64,2.233,0.859,6.015
OECD countries,,1993,0.501,0.344,1.331,0.54,1.745,4.669,2.3,0.869,6.148
OECD countries,,1994,0.496,0.346,1.219,0.556,1.785,4.604,2.232,0.862,6.153
OECD countries,,1995,0.493,0.349,1.098,0.548,1.747,4.515,2.2,0.841,6.203
OECD countries,,1996,0.479,0.345,1.079,0.545,1.746,4.562,2.152,0.849,6.228
OECD countries,,1997,0.448,0.337,0.999,0.517,1.716,4.547,2.089,0.837,6.173
OECD countries,,1998,0.452,0.335,0.897,0.518,1.84,4.62,2.079,0.804,6.195
OECD countries,,1999,0.452,0.327,0.818,0.523,1.836,4.704,2.077,0.796,6.136
OECD countries,,2000,0.425,0.275,0.714,0.479,1.772,4.751,2.015,0.857,6.09
OECD countries,,2001,0.44,0.269,0.695,0.479,1.78,4.917,2.047,0.901,6.056
OECD countries,,2002,0.448,0.277,0.725,0.49,1.812,5.115,2.112,0.913,6.146
OECD countries,,2003,0.443,0.285,0.772,0.486,1.868,5.227,2.142,0.91,6.212
OECD countries,,2004,0.436,0.278,0.76,0.466,1.847,5.219,2.071,0.896,6.174
OECD countries,,2005,0.487,0.292,0.728,0.463,1.847,5.238,2.036,0.885,6.177
OECD countries,,2006,0.488,0.297,0.667,0.445,1.845,5.109,1.975,0.893,6.074
OECD countries,,2007,0.487,0.312,0.597,0.414,1.846,5.149,1.96,0.876,6.056
OECD countries,,2008,0.475,0.333,0.623,0.415,2.009,5.413,1.999,0.883,6.299
OECD countries,,2009,0.539,0.37,0.975,0.5,2.216,5.909,2.168,0.945,7.024
OECD countries,,2010,0.555,0.381,0.926,0.541,2.17,5.816,2.088,0.912,7.072
OECD countries,,2011,0.544,0.382,0.846,0.488,2.079,5.75,2.044,0.9,7.073
OECD countries,,2012,0.539,0.363,0.817,0.468,2.071,5.729,2.03,0.91,7.271
OECD countries,,2013,0.527,0.348,0.822,0.475,2.07,5.722,2.032,0.899,7.37
OECD countries,,2014,0.54,0.353,0.758,0.485,2.058,5.706,2.008,0.883,7.422
OECD countries,,2015,0.531,0.337,0.706,0.473,2.068,5.71,1.997,0.864,7.426
OECD countries,,2016,0.56,0.328,0.663,0.475,2.086,5.74,1.978,0.847,7.412
OECD countries,,2017,0.531,0.322,0.591,0.464,2.077,5.701,1.959,0.818,7.339
OECD countries,,2018,0.514,0.312,0.568,0.439,2.085,5.727,1.933,0.793,7.34
OECD countries,,2019,0.537,0.302,0.578,0.567,2.109,5.843,1.977,0.786,7.433
Poland,POL,1990,0.14,0.049,0.003,0.116,1.645,3.936,3.277,1.055,3.972
Poland,POL,1991,0.287,0.087,1.23,0.193,2.201,4.175,4.586,1.448,6.279
Poland,POL,1992,0.322,0.155,2.221,0.254,2.142,4.259,5.462,1.818,7.407
Poland,POL,1993,0.488,0,1.672,0.528,1.774,3.925,5.673,1.876,7.601
Poland,POL,1994,0.37,0.015,1.565,0.436,1.423,3.628,5.627,1.881,7.517
Poland,POL,1995,0.372,0.067,1.598,0.373,1.035,3.615,5.538,1.815,7.396
Poland,POL,1996,0.394,0.119,1.529,0.452,0.925,3.865,5.498,1.904,7.302
Poland,POL,1997,0.334,0.124,0.995,0.482,0.878,3.524,5.608,1.934,7.602
Poland,POL,1998,0.312,0.151,0.504,0.456,1.067,3.457,5.691,1.873,7.266
Poland,POL,1999,0.255,0.17,0.586,0.371,1.062,3.822,5.568,1.917,7.363
Poland,POL,2000,0.114,0.167,0.863,0.253,1.178,3.642,3.443,2.061,8.461
Poland,POL,2001,0.136,0.192,0.871,0.247,1.182,4.025,3.541,2.25,9.265
Poland,POL,2002,0.16,,0.879,0.222,1.174,4.274,3.365,2.278,9.463
Poland,POL,2003,0.17,0.171,0.797,0.398,1.124,4.117,3.252,2.304,9.631
Poland,POL,2004,0.155,0.148,0.655,0.343,1.231,3.975,3.08,2.181,9.483
Poland,POL,2005,0.358,0.125,0.533,0.422,1.209,3.988,2.898,2.121,9.245
Poland,POL,2006,0.232,0.109,0.467,0.449,1.19,4.018,2.72,2.116,9.334
Poland,POL,2007,0.175,0.088,0.31,0.495,1.156,4.116,2.488,1.964,8.736
Poland,POL,2008,0.164,0.064,0.247,0.552,1.247,4.569,2.505,1.961,8.915
Poland,POL,2009,0.158,0.059,0.273,0.612,1.288,4.72,2.495,1.974,9.732
Poland,POL,2010,0.203,0.06,0.271,0.679,1.334,4.596,2.462,1.983,9.138
Poland,POL,2011,0.152,0.056,0.23,0.408,1.29,4.423,2.396,1.86,8.764
Poland,POL,2012,0.133,0.057,0.233,0.437,1.343,4.359,2.368,1.884,9.041
Poland,POL,2013,0.143,0.056,0.25,0.491,1.417,4.509,2.418,1.947,9.375
Poland,POL,2014,0.135,0.057,0.201,0.482,1.397,4.413,2.353,1.923,9.328
Poland,POL,2015,0.131,0.05,0.167,0.463,1.515,4.434,2.348,1.878,9.233
Poland,POL,2016,0.124,0.044,0.143,0.443,2.541,4.499,2.329,1.839,9.225
Poland,POL,2017,0.113,0.038,0.249,0.42,2.615,4.515,2.23,1.753,8.854
Poland,POL,2018,0.102,0.031,0.184,0.356,2.5,4.496,2.068,1.682,9.09
Poland,POL,2019,0.145,0.026,0.139,0.323,3.02,4.6,1.948,1.632,9.354
Portugal,PRT,1980,0.041,0,0.273,,0.638,2.989,1.891,0.625,3.058
Portugal,PRT,1981,0.04,0.001,0.265,,0.726,3.098,2.067,0.727,3.233
Portugal,PRT,1982,0.037,0.001,0.248,,0.699,2.741,2.156,0.73,3.003
Portugal,PRT,1983,0.058,0.001,0.166,,0.7,2.42,2.159,0.817,3.408
Portugal,PRT,1984,0.053,0.001,0.239,,0.662,2.454,2.169,0.787,3.3
Portugal,PRT,1985,0.028,0.001,0.271,,0.6,2.874,2.025,0.795,3.237
Portugal,PRT,1986,0.025,0.002,0.309,0.161,0.66,3.053,2.007,0.789,3.417
Portugal,PRT,1987,0.017,0.004,0.285,0.222,0.654,2.917,2.102,0.816,3.677
Portugal,PRT,1988,0.014,0.004,0.226,0.266,0.615,3.185,2.143,0.801,3.597
Portugal,PRT,1989,0.013,0.005,0.212,0.325,0.579,2.903,2.107,0.781,3.57
Portugal,PRT,1990,0.032,0.006,0.3,0.459,0.687,3.581,2.298,0.876,3.987
Portugal,PRT,1991,0.045,0.004,0.386,0.498,0.741,3.75,2.413,0.984,4.282
Portugal,PRT,1992,0.053,0.004,0.529,0.572,0.732,3.627,2.505,1.06,4.676
Portugal,PRT,1993,0.05,0.004,0.811,0.584,0.747,4.008,2.604,1.156,5.156
Portugal,PRT,1994,0.048,0.004,0.915,0.474,0.705,3.992,2.608,1.182,5.31
Portugal,PRT,1995,0.049,0.004,0.901,0.476,0.703,4.426,2.308,1.21,5.94
Portugal,PRT,1996,0.056,0.004,0.87,0.507,0.692,4.776,2.316,1.273,6.103
Portugal,PRT,1997,0.089,0.003,0.813,0.486,0.69,4.776,2.296,1.284,6.005
Portugal,PRT,1998,0.213,0.003,0.765,0.54,0.886,4.875,2.232,1.257,6.064
Portugal,PRT,1999,0.271,0.003,0.612,0.583,0.921,5.069,2.156,1.282,6.346
Portugal,PRT,2000,0.247,0.002,0.627,0.61,0.974,6.002,2.24,1.297,6.578
Portugal,PRT,2001,0.223,0.002,0.641,0.651,1.009,6.058,2.218,1.341,6.918
Portugal,PRT,2002,0.303,0.002,0.767,0.61,1.307,6.329,2.247,1.396,7.446
Portugal,PRT,2003,0.306,0.002,1.022,0.63,1.41,6.446,2.295,1.444,7.906
Portugal,PRT,2004,0.19,0.004,1.095,0.647,1.164,6.73,2.212,1.509,8.246
Portugal,PRT,2005,0.208,0.004,1.333,0.651,1.182,6.848,2.11,1.476,8.612
Portugal,PRT,2006,0.23,0.004,1.287,0.569,1.163,5.938,2.088,1.538,8.825
Portugal,PRT,2007,0.241,0.003,1.139,0.496,1.153,5.806,2.056,1.537,8.877
Portugal,PRT,2008,0.246,0.002,0.875,0.536,1.234,5.994,1.923,1.603,9.354
Portugal,PRT,2009,0.298,0.002,1.166,0.746,1.446,6.469,2.008,1.746,10.228
Portugal,PRT,2010,0.301,0.002,1.237,0.672,1.388,6.678,1.932,1.763,10.364
Portugal,PRT,2011,0.247,0.003,1.195,0.579,1.208,6.282,1.937,1.777,11.002
Portugal,PRT,2012,0.244,0.003,1.541,0.496,1.237,5.921,1.795,1.861,11.233
Portugal,PRT,2013,0.198,0.003,1.606,0.583,1.238,5.863,1.896,1.893,12.132
Portugal,PRT,2014,0.183,0.003,1.294,0.662,1.229,5.774,1.807,1.892,12.133
Portugal,PRT,2015,0.172,0.003,0.98,0.607,1.196,5.751,1.779,1.859,11.575
Portugal,PRT,2016,0.192,0.003,0.81,0.554,1.209,5.793,1.726,1.816,11.357
Portugal,PRT,2017,0.186,0.002,0.67,0.472,1.201,5.698,1.697,1.777,11.024
Portugal,PRT,2018,0.186,0.002,0.602,0.411,1.186,5.763,1.679,1.765,10.863
Portugal,PRT,2019,0.172,0.002,0.554,0.388,1.209,5.789,1.74,1.77,10.717
Slovakia,SVK,1995,0.804,0,0.419,0.733,2.4,5.582,1.981,1.001,5.406
Slovakia,SVK,1996,0.695,0,0.429,0.727,2.218,5.363,2.111,0.987,5.407
Slovakia,SVK,1997,0.652,0,0.523,0.597,2.05,5.175,2.169,0.968,5.448
Slovakia,SVK,1998,0.847,0,0.636,0.382,2.045,5.079,2.178,0.975,5.563
Slovakia,SVK,1999,1.139,0,0.798,0.203,2.253,4.947,2.226,0.971,5.648
Slovakia,SVK,2000,1.117,0.06,0.639,0.308,1.965,4.728,2.206,0.922,5.572
Slovakia,SVK,2001,1.127,0.069,0.402,0.357,1.813,4.75,2.168,0.903,5.642
Slovakia,SVK,2002,1.037,0.081,0.343,0.409,1.792,4.903,2.241,0.895,5.688
Slovakia,SVK,2003,0.74,0.072,0.304,0.28,1.763,4.783,2.101,0.845,5.73
Slovakia,SVK,2004,0.471,0.024,0.33,0.231,1.949,5.019,1.484,0.838,5.552
Slovakia,SVK,2005,0.477,0,0.262,0.33,1.512,4.96,1.438,0.836,5.561
Slovakia,SVK,2006,0.507,0,0.33,0.308,1.418,4.794,1.461,0.81,5.431
Slovakia,SVK,2007,0.453,0.034,0.358,0.217,1.352,4.974,1.435,0.806,5.23
Slovakia,SVK,2008,0.344,0.028,0.426,0.253,1.307,5.243,1.44,0.788,5.105
Slovakia,SVK,2009,0.394,0.034,0.664,0.248,1.565,5.841,1.818,0.916,6.291
Slovakia,SVK,2010,0.426,0.034,0.656,0.319,1.581,5.535,1.802,0.877,6.142
Slovakia,SVK,2011,0.394,0.035,0.542,0.285,1.63,5.408,1.818,0.858,6.154
Slovakia,SVK,2012,0.38,0.038,0.465,0.25,1.666,5.46,1.871,0.866,6.329
Slovakia,SVK,2013,0.377,0.039,0.423,0.22,1.694,5.582,1.877,0.883,6.564
Slovakia,SVK,2014,0.331,0.04,0.35,0.202,1.689,5.542,1.867,0.885,6.839
Slovakia,SVK,2015,0.266,0.041,0.351,0.195,1.625,5.407,1.834,0.853,6.678
Slovakia,SVK,2016,0.224,0.036,0.367,0.256,1.662,5.621,1.878,0.83,6.751
Slovakia,SVK,2017,0.215,0.036,0.362,0.227,1.705,5.416,1.93,0.828,6.8
Slovakia,SVK,2018,0.168,0.036,0.336,0.237,1.658,5.369,1.85,0.829,6.695
Slovakia,SVK,2019,0.181,0.036,0.349,0.232,1.791,5.544,1.877,0.782,6.66
Slovakia,SVK,1991,,,,0.221,,,,,
Slovakia,SVK,1992,,,,1.084,,,,,
Slovakia,SVK,1993,,,,0.343,,,,,
Slovakia,SVK,1994,,,,0.484,,,,,
Slovenia,SVN,1996,0.41,0,0.858,,1.898,5.723,2.717,0.445,9.874
Slovenia,SVN,1997,0.426,0,1.03,,1.943,5.723,2.769,0.448,9.929
Slovenia,SVN,1998,0.395,0,1.073,,1.884,5.792,2.737,0.441,10.019
Slovenia,SVN,1999,0.375,0,1.005,,1.999,5.796,2.796,0.463,9.881
Slovenia,SVN,2000,0.379,0,0.857,,2.133,5.689,2.589,0.454,9.994
Slovenia,SVN,2001,0.41,0,0.712,,2.085,5.629,2.509,0.435,10.17
Slovenia,SVN,2002,0.459,0,0.622,,1.999,5.885,2.492,0.424,10.438
Slovenia,SVN,2003,0.597,0,0.595,0.261,1.958,5.898,2.421,0.383,9.823
Slovenia,SVN,2004,0.631,0,0.583,0.232,1.935,5.83,2.293,0.371,9.677
Slovenia,SVN,2005,0.632,0.013,0.594,0.289,1.911,5.876,2.372,0.44,9.397
Slovenia,SVN,2006,0.534,0.015,0.516,0.264,1.873,5.721,2.253,1.634,8.315
Slovenia,SVN,2007,0.476,0.015,0.332,0.195,1.703,5.372,2.09,1.52,8.061
Slovenia,SVN,2008,0.42,0.01,0.284,0.175,1.746,5.777,2.049,1.536,7.883
Slovenia,SVN,2009,0.498,0.008,0.467,0.343,2.051,6.241,2.146,1.692,8.982
Slovenia,SVN,2010,0.569,0.009,0.539,0.498,2.116,6.288,2.258,1.666,9.412
Slovenia,SVN,2011,0.554,0.009,0.674,0.35,2.13,6.268,2.19,1.667,9.6
Slovenia,SVN,2012,0.637,0.018,0.662,0.266,2.059,6.271,2.118,1.623,9.819
Slovenia,SVN,2013,0.645,0.022,0.736,0.372,1.928,6.238,2.073,1.61,10.177
Slovenia,SVN,2014,0.713,0.024,0.608,0.366,1.847,6.046,1.992,1.522,9.97
Slovenia,SVN,2015,0.739,0.025,0.545,0.235,1.782,6.097,1.952,1.493,9.782
Slovenia,SVN,2016,0.708,0.022,0.528,0.237,1.723,6.151,1.881,1.422,9.575
Slovenia,SVN,2017,0.673,0.024,0.472,0.247,1.844,5.909,1.776,1.312,9.228
Slovenia,SVN,2018,0.706,0.024,0.437,0.233,1.81,6.027,1.809,1.25,9.028
Slovenia,SVN,2019,0.78,0.025,0.423,0.202,1.813,6.186,1.904,1.205,8.932
Slovenia,SVN,1995,,,,,,5.681,,,
South Korea,KOR,1990,0.167,,,0.025,0.03,1.41,0.243,0.187,0.581
South Korea,KOR,1991,0.139,,,0.018,0.037,1.257,0.279,0.211,0.606
South Korea,KOR,1992,0.118,,,0.037,0.04,1.321,0.309,0.209,0.731
South Korea,KOR,1993,0.114,,,0.046,0.049,1.314,0.279,0.194,0.844
South Korea,KOR,1994,0.097,,,0.031,0.05,1.266,0.305,0.195,0.89
South Korea,KOR,1995,0.104,,,0.038,0.06,1.321,0.303,0.186,1.001
South Korea,KOR,1996,0.118,,0.002,0.037,0.069,1.486,0.316,0.187,0.948
South Korea,KOR,1997,0.135,,0.015,0.066,0.079,1.565,0.344,0.191,1.007
South Korea,KOR,1998,0.163,,0.149,0.303,0.102,1.789,0.351,0.197,1.662
South Korea,KOR,1999,0.247,,0.158,0.552,0.09,1.899,0.297,0.181,2.199
South Korea,KOR,2000,0.247,,0.072,0.355,0.102,1.962,0.322,0.192,1.162
South Korea,KOR,2001,0.359,,0.12,0.202,0.133,2.477,0.355,0.193,0.95
South Korea,KOR,2002,0.379,,0.106,0.171,0.13,2.353,0.381,0.2,0.933
South Korea,KOR,2003,0.381,,0.123,0.111,0.151,2.478,0.428,0.222,1.049
South Korea,KOR,2004,0.702,,0.159,0.103,0.182,2.489,0.494,0.227,1.179
South Korea,KOR,2005,0.71,,0.183,0.107,0.223,2.634,0.516,0.236,1.273
South Korea,KOR,2006,0.851,,0.206,0.107,0.473,2.917,0.549,0.25,1.347
South Korea,KOR,2007,0.779,,0.223,0.115,0.417,3.015,0.552,0.256,1.425
South Korea,KOR,2008,0.635,,0.248,0.226,0.541,3.091,0.578,0.261,1.685
South Korea,KOR,2009,0.612,,0.342,0.412,0.649,3.422,0.589,0.272,1.771
South Korea,KOR,2010,0.548,,0.279,0.288,0.669,3.512,0.502,0.271,1.791
South Korea,KOR,2011,0.496,,0.256,0.238,0.673,3.519,0.522,0.282,1.827
South Korea,KOR,2012,0.522,,0.255,0.312,0.833,3.536,0.55,0.293,2.027
South Korea,KOR,2013,0.557,,0.259,0.35,1.143,3.614,0.54,0.266,2.097
South Korea,KOR,2014,0.589,,0.266,0.343,1.123,3.711,0.532,0.279,2.346
South Korea,KOR,2015,0.66,0.025,0.274,0.334,1.127,3.816,0.555,0.291,2.554
South Korea,KOR,2016,0.657,0.065,0.281,0.348,1.102,3.977,0.56,0.296,2.584
South Korea,KOR,2017,0.645,0.064,0.287,0.297,1.103,4.116,0.6,0.324,2.67
South Korea,KOR,2018,0.719,0.077,0.355,0.361,1.18,4.406,0.641,0.343,2.813
South Korea,KOR,2019,0.977,0.092,0.444,0.368,1.374,4.846,0.708,0.366,3.085
South Korea,KOR,2020,1.921,0.113,0.78,0.376,1.547,5.083,0.816,0.384,3.374
Spain,ESP,1980,0.039,0,1.909,0.17,0.458,3.961,2.325,1.626,4.454
Spain,ESP,1981,0.041,0,2.277,0.279,0.392,4.005,2.433,1.723,4.891
Spain,ESP,1982,0.039,0,2.012,0.256,0.38,4.11,2.491,1.735,5.032
Spain,ESP,1983,0.039,0.005,2.116,0.233,0.331,4.536,2.483,1.762,5.277
Spain,ESP,1984,0.038,0.013,2.096,0.259,0.296,4.218,2.439,1.751,5.449
Spain,ESP,1985,0.038,0.017,2.651,0.316,0.255,4.049,2.399,1.768,5.593
Spain,ESP,1986,0.037,0.026,2.377,0.596,0.21,3.97,2.342,1.731,5.547
Spain,ESP,1987,0.036,0.066,2.32,0.594,0.177,4.019,2.32,1.701,5.486
Spain,ESP,1988,0.035,0.106,2.231,0.703,0.162,4.447,2.37,1.691,5.455
Spain,ESP,1989,0.034,0.122,2.037,0.78,0.15,4.472,2.479,1.743,5.496
Spain,ESP,1990,0.066,0.105,3.067,0.76,0.311,4.768,2.216,0.84,7.01
Spain,ESP,1991,0.075,0.098,3.518,0.657,0.296,4.835,2.367,0.848,7.183
Spain,ESP,1992,0.082,0.076,3.844,0.637,0.391,5.124,2.496,0.871,7.491
Spain,ESP,1993,0.11,0.099,4.556,0.447,0.413,5.299,2.549,0.873,7.91
Spain,ESP,1994,0.11,0.083,3.776,0.4,0.401,5.192,2.494,0.898,7.91
Spain,ESP,1995,0.113,0.219,3.081,0.415,0.403,5.064,2.409,0.881,8.046
Spain,ESP,1996,0.155,0.253,2.684,0.366,0.472,5.09,2.456,0.872,8.185
Spain,ESP,1997,0.156,0.237,2.437,0.387,0.455,5.009,2.315,0.843,8.126
Spain,ESP,1998,0.13,0.239,2.193,0.565,0.802,4.956,2.299,0.641,8.037
Spain,ESP,1999,0.144,0.219,2.014,0.862,0.79,4.956,2.235,0.598,7.919
Spain,ESP,2000,0.124,0.16,1.633,0.805,0.942,4.852,2.324,2.002,6.621
Spain,ESP,2001,0.133,0.165,1.749,0.744,0.892,4.808,2.259,1.916,6.425
Spain,ESP,2002,0.173,0.148,1.843,0.723,0.905,4.831,2.344,1.924,6.458
Spain,ESP,2003,0.174,0.152,1.836,0.721,1.053,5.378,2.344,1.93,6.4
Spain,ESP,2004,0.178,0.153,1.824,0.768,1.082,5.464,2.413,1.976,6.356
Spain,ESP,2005,0.217,0.168,1.813,0.76,1.159,5.533,2.486,1.974,6.366
Spain,ESP,2006,0.236,0.166,1.786,0.779,1.181,5.645,2.458,1.918,6.346
Spain,ESP,2007,0.251,0.181,1.749,0.778,1.228,5.725,2.468,1.9,6.617
Spain,ESP,2008,0.228,0.188,2.197,0.794,1.332,6.143,2.523,1.943,6.977
Spain,ESP,2009,0.239,0.196,3.383,0.846,1.487,6.837,2.64,2.098,7.887
Spain,ESP,2010,0.189,0.215,3.026,0.917,1.425,6.789,2.505,2.135,7.701
Spain,ESP,2011,0.195,0.229,3.361,0.879,1.341,6.737,2.477,2.205,8.116
Spain,ESP,2012,0.2,0.148,3.259,0.654,1.305,6.601,2.408,2.322,8.653
Spain,ESP,2013,0.21,0.102,3.132,0.516,1.312,6.438,2.421,2.414,9.16
Spain,ESP,2014,0.216,0.107,2.548,0.561,1.276,6.386,2.435,2.43,9.412
Spain,ESP,2015,0.217,0.102,2.03,0.593,1.238,6.509,2.406,2.342,9.272
Spain,ESP,2016,0.196,0.104,1.789,0.567,1.207,6.405,2.413,2.292,9.271
Spain,ESP,2017,0.195,0.104,1.558,0.69,1.205,6.31,2.414,2.224,9.228
Spain,ESP,2018,0.198,0.107,1.505,0.707,1.224,6.321,2.365,2.218,9.39
Spain,ESP,2019,0.203,0.11,1.528,0.694,1.274,6.454,2.534,2.271,9.58
Sweden,SWE,1980,0.396,1.006,0.341,,3.463,7.107,4.464,0.558,7.159
Sweden,SWE,1981,0.415,0.829,0.494,,3.585,7.142,4.463,0.603,7.661
Sweden,SWE,1982,0.479,0.829,0.651,,3.393,7.197,4.337,0.603,7.638
Sweden,SWE,1983,0.515,0.779,0.865,,3.538,7.109,4.21,0.618,7.788
Sweden,SWE,1984,0.546,0.734,0.829,,3.444,6.942,4.083,0.579,7.496
Sweden,SWE,1985,0.594,0.605,0.803,1.931,3.655,6.484,4.248,0.602,7.664
Sweden,SWE,1986,0.669,0.637,0.812,1.833,3.672,6.286,4.41,0.607,7.782
Sweden,SWE,1987,0.766,0.62,0.744,1.718,3.74,6.359,4.605,0.601,7.777
Sweden,SWE,1988,0.765,0.641,0.628,1.622,3.75,6.256,5.24,0.605,7.87
Sweden,SWE,1989,0.472,0.592,0.588,1.419,3.635,6.32,5.261,0.611,7.906
Sweden,SWE,1990,0.482,0.602,0.805,1.528,3.976,5.692,5.173,0.611,7.984
Sweden,SWE,1991,0.556,0.775,1.447,2.12,4.337,5.558,4.969,0.646,8.252
Sweden,SWE,1992,0.635,0.86,2.358,2.631,4.392,6.471,4.403,0.699,9.757
Sweden,SWE,1993,1.084,1.095,2.572,2.64,4.165,6.198,5.063,0.721,10.158
Sweden,SWE,1994,1.003,1.123,2.325,2.679,4.088,5.85,4.839,0.713,9.897
Sweden,SWE,1995,0.933,1.04,2.159,2.064,3.58,5.716,4.682,0.689,9.327
Sweden,SWE,1996,0.904,0.943,2.026,2.052,3.306,5.877,4.444,0.699,9.467
Sweden,SWE,1997,0.882,0.777,1.991,1.999,3.084,5.635,4.241,0.642,9.22
Sweden,SWE,1998,0.788,0.713,1.716,2.299,3.075,5.682,4.365,0.609,8.925
Sweden,SWE,1999,0.709,0.663,1.545,2.087,3.005,5.7,4.561,0.6,8.78
Sweden,SWE,2000,0.639,0.581,1.295,1.618,2.775,5.675,4.929,0.582,8.332
Sweden,SWE,2001,0.619,0.575,1.009,1.461,2.909,5.905,5.198,0.568,8.304
Sweden,SWE,2002,0.613,0.548,0.985,1.364,3.057,6.163,5.448,0.563,8.469
Sweden,SWE,2003,0.637,0.539,1.132,1.055,3.111,6.298,5.541,0.623,8.985
Sweden,SWE,2004,0.607,0.514,1.225,1.025,3.1,6.11,5.358,0.607,8.882
Sweden,SWE,2005,0.575,0.504,1.122,1.092,3.129,6.088,5.223,0.583,8.786
Sweden,SWE,2006,0.561,0.481,0.916,1.158,3.217,6.014,4.962,0.545,8.554
Sweden,SWE,2007,0.555,0.444,0.627,0.963,3.175,5.992,4.662,0.508,8.402
Sweden,SWE,2008,0.583,0.431,0.432,0.822,3.302,6.166,4.476,0.494,8.66
Sweden,SWE,2009,0.659,0.441,0.675,0.901,3.481,6.597,4.517,0.51,9.428
Sweden,SWE,2010,0.663,0.428,0.558,1.095,3.374,6.254,4.081,0.453,8.943
Sweden,SWE,2011,0.644,0.417,0.411,1.142,3.372,6.26,3.971,0.416,8.643
Sweden,SWE,2012,0.671,0.451,0.448,1.261,3.492,6.395,3.838,0.408,9.312
Sweden,SWE,2013,0.711,0.453,0.457,1.335,3.544,6.477,3.934,0.39,9.646
Sweden,SWE,2014,0.747,0.458,0.382,1.313,3.54,6.51,3.87,0.352,9.415
Sweden,SWE,2015,0.932,0.437,0.327,1.247,3.457,6.419,3.804,0.316,9.167
Sweden,SWE,2016,1.358,0.415,0.323,1.165,3.495,6.465,3.693,0.294,9.321
Sweden,SWE,2017,1.057,0.395,0.3,1.125,3.384,6.453,3.567,0.272,9.307
Sweden,SWE,2018,0.817,0.397,0.299,1.111,3.464,6.589,3.514,0.249,9.194
Sweden,SWE,2019,0.685,0.377,0.325,1.016,3.421,6.564,3.369,0.229,9.087
Switzerland,CHE,1980,0.759,0.083,0.065,,0.912,3.188,1.977,0.403,4.97
Switzerland,CHE,1981,0.79,0.077,0.062,,0.891,3.275,1.905,0.381,4.704
Switzerland,CHE,1982,0.807,0.073,0.172,,0.884,3.358,2.003,0.405,5.077
Switzerland,CHE,1983,0.874,0.071,0.315,,0.9,3.546,2.019,0.392,5.018
Switzerland,CHE,1984,0.853,0.066,0.264,,0.885,3.44,2.056,0.403,5.31
Switzerland,CHE,1985,0.865,0.062,0.22,0.169,0.875,3.293,1.977,0.378,5.121
Switzerland,CHE,1986,0.862,0.063,0.18,0.168,0.876,3.356,1.989,0.37,5.208
Switzerland,CHE,1987,0.866,0.067,0.181,0.172,0.884,3.443,2.016,0.351,5.205
Switzerland,CHE,1988,0.924,0.06,0.143,0.183,0.866,3.499,2.006,0.338,5.21
Switzerland,CHE,1989,0.913,0.062,0.104,0.183,0.835,3.631,1.964,0.308,4.948
Switzerland,CHE,1990,0.249,0.126,0.104,0.192,1.082,3.262,2.348,0.478,4.758
Switzerland,CHE,1991,0.331,0.129,0.293,0.201,1.111,3.567,2.312,0.494,4.963
Switzerland,CHE,1992,0.36,0.151,0.772,0.252,1.177,3.76,2.547,0.524,5.25
Switzerland,CHE,1993,0.413,0.163,1.338,0.328,1.272,3.819,2.683,0.551,5.543
Switzerland,CHE,1994,0.426,0.161,1.196,0.381,1.275,3.834,2.745,0.542,5.499
Switzerland,CHE,1995,0.432,0.165,0.996,0.42,1.274,2.061,2.828,0.557,5.651
Switzerland,CHE,1996,0.451,0.157,1.1,0.501,1.308,2.112,2.828,0.56,5.625
Switzerland,CHE,1997,0.489,0.169,1.211,0.674,1.316,2.095,2.828,0.57,5.739
Switzerland,CHE,1998,0.495,0.181,1.042,0.726,1.414,2.065,2.843,0.569,5.732
Switzerland,CHE,1999,0.557,0.189,0.71,0.643,1.405,2.112,2.919,0.571,5.771
Switzerland,CHE,2000,0.521,0.182,0.492,0.491,1.37,2.068,2.85,0.553,5.552
Switzerland,CHE,2001,0.427,0.175,0.434,0.451,1.389,2.277,2.971,0.564,5.665
Switzerland,CHE,2002,0.453,0.178,0.697,0.524,1.483,2.501,3.223,0.567,5.717
Switzerland,CHE,2003,0.498,0.192,1.006,0.628,1.487,2.569,3.137,0.574,5.859
Switzerland,CHE,2004,0.53,0.207,1.007,0.68,1.443,2.546,3.111,0.556,5.76
Switzerland,CHE,2005,0.526,0.21,0.913,0.648,1.452,2.51,3.165,0.559,5.695
Switzerland,CHE,2006,0.514,0.21,0.789,0.57,1.442,2.338,3.122,0.528,5.429
Switzerland,CHE,2007,0.484,0.187,0.6,0.504,1.385,2.296,3.021,0.511,5.381
Switzerland,CHE,2008,0.429,0.215,0.533,0.471,1.331,2.446,2.764,0.488,5.371
Switzerland,CHE,2009,0.458,0.222,0.929,0.539,1.437,2.654,3.025,0.512,5.781
Switzerland,CHE,2010,0.449,0.226,0.922,0.579,1.454,2.585,2.759,0.496,5.734
Switzerland,CHE,2011,0.455,0.234,0.641,0.536,1.463,2.666,2.822,0.495,5.849
Switzerland,CHE,2012,0.483,0.24,0.67,0.521,1.504,2.847,2.701,0.49,5.922
Switzerland,CHE,2013,0.503,0.252,0.749,0.539,1.535,2.823,2.8,0.485,5.985
Switzerland,CHE,2014,0.523,0.249,0.742,0.545,1.587,2.812,2.613,0.476,6.032
Switzerland,CHE,2015,0.543,0.257,0.781,0.565,1.743,2.893,2.682,0.478,6.138
Switzerland,CHE,2016,0.581,0.26,0.842,0.587,1.742,2.874,2.7,0.473,6.179
Switzerland,CHE,2017,0.583,0.261,0.815,0.586,1.76,2.976,2.761,0.468,6.224
Switzerland,CHE,2018,0.562,0.262,0.705,0.564,1.712,2.898,2.702,0.453,6.112
Switzerland,CHE,2019,0.58,0.265,0.676,0.555,1.731,2.94,2.739,0.455,6.205
Turkey,TUR,1980,0.014,0,0.286,0,0.627,0.694,0.329,0.295,0
Turkey,TUR,1981,0.011,0,0.271,0,0.552,0.276,0.249,0.288,0
Turkey,TUR,1982,0.014,0,0.294,0,0.565,0.415,0.23,0.266,0
Turkey,TUR,1983,0.013,0,0.324,0,0.601,0.365,0.216,0.325,0
Turkey,TUR,1984,0.012,0,0.3,0,0.549,0.891,0.171,0.297,0
Turkey,TUR,1985,0.017,0,0.278,0,0.516,0.724,0.137,0.277,0
Turkey,TUR,1986,0.069,0,0.291,0.083,0.537,0.725,0.127,0.263,0
Turkey,TUR,1987,0.1,0,0.301,0.105,0.578,0.699,0.131,0.272,0
Turkey,TUR,1988,0.088,0,0.323,0.083,0.626,1.022,0.137,0.272,0
Turkey,TUR,1989,0.109,0,0.361,0.085,0.754,1.293,0.134,0.349,0
Turkey,TUR,1990,0.108,0,0.425,0.012,0.896,1.466,0.17,0.715,0
Turkey,TUR,1991,0.128,0,0.527,0.012,0.923,1.751,0.189,0.524,0
Turkey,TUR,1992,0.117,0,0.485,0.011,0.857,1.838,0.283,0.571,0
Turkey,TUR,1993,0.153,0,0.475,0.011,0.731,1.788,0.226,0.586,0
Turkey,TUR,1994,0.167,0,0.519,0.009,0.34,1.806,0.21,0.588,0
Turkey,TUR,1995,0.118,0,0.493,0.007,0.242,1.72,0.181,0.601,0
Turkey,TUR,1996,0.097,0.018,0.766,0.072,0.847,1.959,0.158,0.65,0.007
Turkey,TUR,1997,0.107,0.009,0.602,0.07,0.827,2.19,0.191,0.83,0.005
Turkey,TUR,1998,0.205,0.004,0.465,0.1,0.713,2.522,0.241,0.746,0.005
Turkey,TUR,1999,0.33,0.003,0.641,0.09,0.785,2.674,0.267,0.899,0.006
Turkey,TUR,2000,0.341,0,0.006,0.008,0.205,2.837,0.21,0.812,3.095
Turkey,TUR,2001,0.119,0,0.005,0.004,0.217,3.287,0.211,0.918,3.406
Turkey,TUR,2002,0.108,0,0.019,0.005,0.233,3.542,0.216,0.955,3.657
Turkey,TUR,2003,0.12,0,0.03,0.006,0.224,3.57,0.214,1.161,4.348
Turkey,TUR,2004,0.125,0,0.048,0.007,0.23,3.52,0.21,1.217,4.595
Turkey,TUR,2005,0.117,0,0.063,0.007,0.263,3.315,0.212,1.206,4.738
Turkey,TUR,2006,0.104,0,0.064,0.006,0.246,3.543,0.218,1.222,4.803
Turkey,TUR,2007,0.111,0,0.062,0.008,0.312,3.603,0.257,1.292,5.125
Turkey,TUR,2008,0.122,0,0.066,0.009,0.294,3.793,0.25,1.17,5.275
Turkey,TUR,2009,0.14,0,0.168,0.02,0.34,4.423,0.352,1.158,6.284
Turkey,TUR,2010,0.116,0,0.114,0.029,0.315,3.916,0.367,1.212,6.143
Turkey,TUR,2011,0.114,0,0.104,0.023,0.328,3.682,0.402,1.367,5.712
Turkey,TUR,2012,0.161,0,0.128,0.029,0.354,3.519,0.445,1.418,5.826
Turkey,TUR,2013,0.161,0,0.118,0.023,0.378,3.425,0.444,1.402,5.734
Turkey,TUR,2014,0.159,0,0.136,0.018,0.369,3.357,0.45,1.408,5.713
Turkey,TUR,2015,0.167,0,0.201,0.023,0.379,3.217,0.431,1.392,5.679
Turkey,TUR,2016,0.199,0,0.293,0.018,0.469,3.361,0.513,1.508,6.173
Turkey,TUR,2017,0.187,0,0.261,0.016,0.478,3.248,0.48,1.426,5.903
Turkey,TUR,2018,0.157,0,0.261,0.014,0.452,3.191,0.451,1.39,5.851
Turkey,TUR,2019,0.082,0,0.35,0.015,0.538,3.391,0.477,1.475,6.101
United Kingdom,GBR,1980,0.603,0.129,1.15,0.521,2.178,4.414,0.946,1.657,3.99
United Kingdom,GBR,1981,0.705,0.201,1.581,0.565,2.277,4.6,1.017,1.665,4.267
United Kingdom,GBR,1982,0.811,0.337,1.872,0.553,2.276,4.393,1.084,1.544,4.455
United Kingdom,GBR,1983,0.746,0.76,1.947,0.65,2.22,4.581,1.316,1.549,4.355
United Kingdom,GBR,1984,0.826,0.823,1.953,0.66,2.193,4.453,1.369,1.494,4.284
United Kingdom,GBR,1985,0.879,1.217,1.928,0.653,2.137,4.345,1.386,1.453,4.183
United Kingdom,GBR,1986,0.956,1.216,1.813,0.756,2.048,4.287,1.518,1.428,4.169
United Kingdom,GBR,1987,0.972,1.151,1.452,0.754,1.939,4.29,1.536,1.316,3.98
United Kingdom,GBR,1988,0.926,0.995,1.018,0.648,1.915,4.218,1.536,1.206,3.672
United Kingdom,GBR,1989,0.934,1.011,0.759,0.568,1.855,4.159,1.55,1.11,3.512
United Kingdom,GBR,1990,0.149,0.817,0.658,0.511,1.752,4.235,2.001,0.294,4.486
United Kingdom,GBR,1991,0.182,0.972,0.988,0.458,1.895,4.544,2.166,0.332,4.849
United Kingdom,GBR,1992,0.213,1.152,1.151,0.482,2.074,4.91,2.367,0.314,5.157
United Kingdom,GBR,1993,0.228,1.29,1.121,0.466,2.139,5,2.619,0.315,5.243
United Kingdom,GBR,1994,0.144,1.313,0.91,0.429,2.094,4.913,2.56,0.313,5.044
United Kingdom,GBR,1995,0.132,1.257,0.74,0.35,1.988,4.59,2.506,0.299,4.713
United Kingdom,GBR,1996,0.178,1.239,0.601,0.321,1.985,4.606,2.446,0.29,4.726
United Kingdom,GBR,1997,0.175,1.163,0.436,0.303,1.934,5.074,2.381,0.279,4.782
United Kingdom,GBR,1998,0.223,1.099,0.384,0.188,2.422,5.206,2.32,0.263,4.819
United Kingdom,GBR,1999,0.208,1.053,0.339,0.206,2.275,5.389,2.193,0.258,4.814
United Kingdom,GBR,2000,0.165,1.011,0.287,0.213,2.391,5.422,2.193,0.247,4.877
United Kingdom,GBR,2001,0.2,1.01,0.446,0.274,2.481,5.677,2.215,0.239,5.065
United Kingdom,GBR,2002,0.205,1.053,0.251,0.248,2.532,6.015,2.201,0.219,5.141
United Kingdom,GBR,2003,0.171,1.224,0.23,0.383,2.791,6.238,2.188,0.213,5.181
United Kingdom,GBR,2004,0.173,1.248,0.221,0.408,2.874,6.568,2.171,0.198,5.326
United Kingdom,GBR,2005,0.165,1.25,0.226,0.384,2.834,6.7,2.081,0.176,5.325
United Kingdom,GBR,2006,0.154,1.259,0.216,0.288,2.825,6.907,2.178,0.137,5.099
United Kingdom,GBR,2007,0.192,1.293,0.201,0.287,3.097,6.945,1.758,0.078,5.72
United Kingdom,GBR,2008,0.193,1.375,0.283,0.312,3.32,7.352,1.817,0.073,6.103
United Kingdom,GBR,2009,0.202,1.608,0.438,0.384,3.665,8.02,1.952,0.071,6.585
United Kingdom,GBR,2010,0.201,1.658,0.366,0.375,3.916,7.935,1.959,0.065,6.593
United Kingdom,GBR,2011,0.171,1.689,0.386,0.221,3.832,7.911,1.971,0.061,6.609
United Kingdom,GBR,2012,0.157,1.708,0.381,0.216,3.866,7.875,1.957,0.058,6.733
United Kingdom,GBR,2013,0.135,1.631,0.307,0.226,3.629,7.767,1.913,0.054,6.563
United Kingdom,GBR,2014,0.121,1.563,0.21,0.213,3.457,7.789,1.795,0.052,6.486
United Kingdom,GBR,2015,0.102,1.497,0.169,0.185,3.403,7.698,1.808,0.049,6.368
United Kingdom,GBR,2016,0.1,1.404,0.155,0.173,3.283,7.695,1.802,0.043,5.961
United Kingdom,GBR,2017,0.101,1.325,0.147,0.156,3.193,7.561,1.839,0.038,5.851
United Kingdom,GBR,2018,0.113,1.271,0.132,0.152,2.982,7.587,1.701,0.034,5.751
United Kingdom,GBR,2019,0.825,1.115,0.079,0.151,2.408,7.929,1.328,0.051,5.627
United Kingdom,GBR,2020,1.746,1.34,0.116,,2.306,9.734,1.325,0.05,5.871
United States,USA,1980,0.518,0.194,0.668,,0.767,3.529,1.093,1.014,5.078
United States,USA,1981,0.516,0.217,0.644,,0.707,3.68,1.085,1.049,5.302
United States,USA,1982,0.477,0.241,0.686,,0.638,3.862,1.057,1.071,5.588
United States,USA,1983,0.477,0.263,0.849,,0.651,3.95,1.02,1.04,5.533
United States,USA,1984,0.434,0.252,0.435,,0.62,3.883,0.972,0.979,5.319
United States,USA,1985,0.398,0.263,0.384,,0.604,3.899,0.956,0.951,5.134
United States,USA,1986,0.376,0.272,0.533,0.253,0.429,4.026,0.955,0.943,5.136
United States,USA,1987,0.355,0.264,0.491,0.237,0.43,4.16,0.96,0.921,5.067
United States,USA,1988,0.371,0.269,0.407,0.23,0.435,4.202,0.952,0.909,5.069
United States,USA,1989,0.372,0.265,0.383,0.217,0.433,4.348,0.941,0.892,4.982
United States,USA,1990,0.39,0.271,0.417,0.209,0.456,4.605,0.97,0.897,4.983
United States,USA,1991,0.444,0.282,0.462,0.207,0.566,5.041,1.04,0.93,5.196
United States,USA,1992,0.526,0.294,0.632,0.193,0.573,5.358,1.116,0.936,5.219
United States,USA,1993,0.552,0.309,0.573,0.182,0.59,5.6,1.145,0.936,5.229
United States,USA,1994,0.542,0.313,0.418,0.182,0.585,5.774,1.147,0.922,5.177
United States,USA,1995,0.581,0.339,0.335,0.172,0.591,5.866,0.966,0.918,5.174
United States,USA,1996,0.58,0.308,0.328,0.162,0.543,6.327,0.966,0.904,5.096
United States,USA,1997,0.556,0.281,0.253,0.147,0.408,5.803,0.923,0.885,5.077
United States,USA,1998,0.516,0.277,0.227,0.168,0.789,5.636,0.915,0.852,5.014
United States,USA,1999,0.499,0.241,0.232,0.163,0.779,5.584,0.896,0.818,4.907
United States,USA,2000,0.479,0.283,0.212,0.144,0.792,5.628,0.887,0.793,4.903
United States,USA,2001,0.47,0.284,0.273,0.142,0.831,6.015,0.917,0.797,4.97
United States,USA,2002,0.5,0.302,0.47,0.17,0.846,6.377,0.966,0.796,5.109
United States,USA,2003,0.55,0.31,0.486,0.16,0.797,6.599,0.986,0.777,5.136
United States,USA,2004,0.544,0.303,0.359,0.144,0.745,6.713,1.006,0.749,5.099
United States,USA,2005,0.579,0.292,0.257,0.132,0.706,6.734,1.007,0.72,5.063
United States,USA,2006,0.55,0.279,0.233,0.126,0.709,6.878,1.014,0.702,5.051
United States,USA,2007,0.54,0.272,0.233,0.125,0.702,6.965,1.023,0.691,5.122
United States,USA,2008,0.594,0.269,0.296,0.124,0.701,7.235,1.061,0.692,5.273
United States,USA,2009,0.719,0.343,0.836,0.17,0.736,7.794,1.179,0.741,5.792
United States,USA,2010,0.889,0.386,1.057,0.16,0.75,7.964,1.202,0.725,5.897
United States,USA,2011,0.911,0.352,0.74,0.141,0.719,7.946,1.202,0.703,6.013
United States,USA,2012,0.886,0.291,0.552,0.134,0.684,7.933,1.222,0.701,6.058
United States,USA,2013,0.88,0.273,0.402,0.119,0.666,7.977,1.207,0.685,6.219
United States,USA,2014,0.83,0.268,0.238,0.114,0.644,8.202,1.172,0.67,6.299
United States,USA,2015,0.792,0.259,0.179,0.104,0.643,8.38,1.14,0.658,6.382
United States,USA,2016,0.757,0.258,0.176,0.104,0.64,8.459,1.103,0.643,6.518
United States,USA,2017,0.717,0.254,0.159,0.105,0.631,8.435,1.06,0.625,6.487
United States,USA,2018,0.665,0.239,0.139,0.103,0.621,8.393,1.014,0.609,6.452
United States,USA,2019,0.623,0.233,0.148,0.103,0.619,8.443,0.983,0.603,6.507
United States,USA,2020,0.729,0.246,0.819,2.602,0.667,10.379,0.984,0.622,6.894